,Entity,Code,Year,fertilizer_quantity,Nitrogen,Potash,Phosphate,Pesticides,Water_resources,Wheat yield,Rice yield,Barley yield,Maize yield,Rye yield,Oats yield,Millet yield,Sorghum yield,Potatoes yield
89,Argentina,ARG,1990,326054,101400.0,12600.0,51500.0,26156.0,8946.721,1.8946999,3.6708999,2.1934,3.4608,0.8103,1.5403,1.3219,2.8116,20.2747
90,Argentina,ARG,1991,322884,95700.0,17100.0,54500.0,26156.0,8820.217,1.8972,4.0294,2.4557,4.0443997,0.8103,1.5403,1.5110999,3.332,20.569199
91,Argentina,ARG,1992,402269,146600.0,18000.0,83600.0,26156.0,8698.687,2.1808999,5.2075,2.5500998,4.5236998,0.9055,1.3377,1.6137999,3.6216998,19.9039
92,Argentina,ARG,1993,455407,167700.0,19800.0,106400.0,26156.0,8581.36,2.3272,4.3559,2.3105,4.3552,0.7069,1.6143,1.6610999,3.9529,21.031399
93,Argentina,ARG,1994,633853,281800.0,26400.0,153800.0,30195.0,8466.542,2.0237,4.2989,2.3093,4.2371,0.86259997,1.4383999,1.4664999,3.5065,23.0166
94,Argentina,ARG,1995,696480,318800.0,23400.0,182500.0,37842.0,8355.723,2.1675,5.0306,1.7709,4.5223,0.9604,1.3791,1.3628,3.4587998,27.427198
95,Argentina,ARG,1996,1024748,510300.0,38000.0,306900.0,54595.0,8251.067,1.9344,5.1031,2.1469998,4.0397,0.78929996,1.2177,1.0531,3.8762999,22.8877
96,Argentina,ARG,1997,984134,476400.0,30600.0,302600.0,77691.0,8152.7876,2.2426,5.3703,2.8662,4.5557,0.8531,1.2557,1.0256,3.6845,26.850199
97,Argentina,ARG,1998,956752,422700.0,32100.0,320700.0,62397.0,8058.908,2.6088,4.7762,2.5377,6.078,0.9777,1.7688999,1.2566,4.8104997,29.3744
98,Argentina,ARG,1999,981617,457300.0,26000.0,340200.0,73293.04,7966.599,2.3028,5.7337,2.2726998,5.3701997,1.0949,1.5955,1.4158,4.3845,23.893799
99,Argentina,ARG,2000,982368,498223.0,30960.0,333800.0,84189.08,7876.825,2.4873,4.7798,2.9153,5.4329,1.2681,1.6437999,1.5141,4.6477,27.7566
100,Argentina,ARG,2001,1081013,496500.0,30991.0,334500.0,95085.12,7790.719,2.4933999,5.7495,2.1504,5.4553,1.4498,1.9197999,1.7652999,4.7429,28.376799
101,Argentina,ARG,2002,1021224,534592.0,21178.0,286608.0,105981.16,7707.5303,2.2398,5.7197,2.1927,6.0790997,1.3514,1.8335999,1.9056,5.2690997,25.134699
102,Argentina,ARG,2003,1211148,740659.0,38843.0,420808.0,116877.2,7628.37,2.0361,5.4002,3.0072,6.4767,1.4021,1.6678,1.8439,5.0315,27.926899
103,Argentina,ARG,2004,1487364,796423.0,32256.0,565709.0,127773.24,7551.308,2.5441,6.2661,3.2495,6.3931,0.95,1.5037,1.5783,4.5531,28.871698
104,Argentina,ARG,2005,1307377,640406.0,43894.0,513245.0,138669.28,7473.6694,2.6355999,6.0165,2.9891,7.3587,1.4708999,1.8403,1.7375,5.1872,28.391699
105,Argentina,ARG,2006,1518789,787677.0,37339.0,618332.0,149565.31,7396.7397,2.5302,7.061,3.7573998,5.903,1.1532999,1.5308,1.5883,4.6777997,28.5828
106,Argentina,ARG,2007,1851030,981351.0,47058.0,766161.0,186790.19,7322.68,2.6234,6.5604,3.5417,7.6654997,1.1853,1.7602999,1.4158,4.7021,28.676498
107,Argentina,ARG,2008,1314956,761959.0,43378.0,436378.0,203369.34,7250.377,2.8271,6.8278,2.9499998,6.4525,1.9943,2.1067,1.4152,4.7474,27.941198
108,Argentina,ARG,2009,1233690,477061.0,14235.0,296898.0,140094.8,7177.209,1.9627999,6.8841996,2.6973999,5.5759997,1.0083,1.3716999,1.7242999,3.8751998,29.3326
109,Argentina,ARG,2010,1594916,771245.0,33214.0,683667.0,235739.1,7158.8887,2.7113,5.7646,3.971,7.804,0.951,1.3058,1.3655,4.8163,29.620298
110,Argentina,ARG,2011,1765046,857190.0,35943.0,724710.0,220610.05,7076.817,3.5063,6.7900996,3.6439,6.3503,1.8448,2.32,1.6999999,4.4028997,29.864899
111,Argentina,ARG,2012,1550216,734890.0,41996.0,595678.0,216308.7,6996.8154,3.2199,6.6617,3.044,5.7346,1.8419,2.1158,1.7608,4.6534,30.3967
112,Argentina,ARG,2013,1615950,788154.0,38736.0,601137.0,212007.34,6918.95,2.6581,6.7187,3.9101999,6.6036997,1.747,1.9057,1.8288,4.0852,30.735699
113,Argentina,ARG,2014,1658388,784091.5,34479.88,561082.94,207706.0,6843.2954,2.6619,6.5042,3.2642,6.8409,1.6308,1.9672999,1.1867,4.4009,31.0577
114,Argentina,ARG,2015,1337063,603481.3,41006.0,424761.28,203807.0,6769.921,2.81,6.6988997,3.2642,7.309,1.9056,2.1457999,2.2745,4.7043,31.342499
115,Argentina,ARG,2016,2004055,923361.8,39753.0,649175.4,199908.0,6698.7275,2.8623,6.7632,3.9608,7.4427,1.7644,2.3093998,1.5536,4.4976,32.1969
116,Argentina,ARG,2017,1834450,975843.06,42132.0,640480.2,196009.0,6629.612,3.3047,6.5083,4.2991,7.5758996,1.9274,2.445,1.9235,4.6626,32.8586
117,Argentina,ARG,2018,2065066,1160519.5,41297.79,689062.75,172928.0,6562.6084,3.1806,6.903,4.1826997,6.0882998,1.9117999,2.2514,1.2522,3.5739,33.4052
118,Argentina,ARG,2019,2260279,1278498.9,38561.61,758871.3,204559.0,6497.7383,3.2159998,6.4919,3.3748999,7.8615,1.7551999,2.4001,1.8921,4.674,33.884598
147,Australia,AUS,1990,1289614,439400.0,145373.55,583783.6,17866.42,28830.725,1.6344,8.8,1.6766,4.1821,0.70159996,1.4659,1.1415,2.4882998,28.9832
148,Australia,AUS,1991,1409909,462300.0,142074.14,685938.2,17866.42,28465.574,1.6344,8.8427,1.6766,3.9938,0.797,1.4659,0.65929997,1.9864999,28.5359
149,Australia,AUS,1992,1546920,488200.0,147373.17,788899.5,22234.95,28148.65,1.4698,8.8345995,1.7093999,5.1721,0.67649996,1.4567,1.2536,2.5430999,28.921999
150,Australia,AUS,1993,1643162,565400.0,176067.95,776495.75,23899.03,27899.367,1.7811999,7.64,1.8312999,4.4261,0.78819996,1.6853,0.6529,1.2833999,29.098099
151,Australia,AUS,1994,1864015,583200.0,219560.03,930483.9,21056.8,27631.96,1.9657999,8.1537,1.9472,4.6619997,0.5714,1.7392,0.99009997,2.1697,29.427
152,Australia,AUS,1995,2004050,671300.0,230757.98,973443.25,25598.59,27325.922,1.1356,8.8003,1.1791999,4.8262997,0.5714,1.0301,0.99729997,1.8555,29.818298
153,Australia,AUS,1996,2158393,824600.0,205962.52,993612.0,31185.06,26996.23,1.7899,6.3539996,1.8719,5.7689,0.5714,1.6504999,1.2981,2.0677,31.2853
154,Australia,AUS,1997,2330629,839400.0,254553.66,1099296.1,34091.5,26705.695,2.1673,8.3263,1.9886999,5.9403,0.5714,1.5712999,1.1999999,2.6195,31.3056
155,Australia,AUS,1998,2401499,979000.0,231957.78,1047765.0,37215.09,26440.832,1.8412,9.4256,1.841,4.7544,0.5714,1.7439,0.96879995,2.1320999,32.2292
156,Australia,AUS,1999,2504033,1082000.0,215960.69,1063900.0,34200.0,26153.152,1.8596,9.1615,1.8903999,5.1212,0.5714,1.9779999,1.2286,3.2215,32.1265
157,Australia,AUS,2000,2426134,951000.0,216960.52,1116338.6,33475.48,25855.543,2.0066,8.257299,1.9478999,4.936,0.5714,1.9144,1.4574,3.4003,28.4527
158,Australia,AUS,2001,2617615,1034000.0,241955.95,1197013.5,32709.51,25525.688,1.8209,9.307099,1.9521999,4.6471,0.5714,1.6139,0.8882,2.5539,32.8633
159,Australia,AUS,2002,2426572,972266.0,215566.78,1078107.5,26650.16,25236.969,2.1076,8.257999,2.2333,5.4929,0.5714,1.8283999,0.6565,2.4561,35.1358
160,Australia,AUS,2003,2338467,932911.0,220720.06,1020122.4,32417.57,24948.357,0.907,9.557799,1.0002999,6.257,0.5714,1.0501,0.8986,2.1966,34.743797
161,Australia,AUS,2004,2570685,1056527.0,258764.94,1116985.0,36276.68,24683.031,1.9998,8.3305,2.3188999,5.6326,0.5714,1.8527,1.2821,2.7366998,36.278698
162,Australia,AUS,2005,2361877,952174.0,222064.4,1041739.6,34310.35,24384.389,1.6348,6.6168,1.666,5.7983,0.5714,1.4352,1.0198,2.6629,34.411697
163,Australia,AUS,2006,2215750,858103.0,223507.52,992262.06,35901.27,24057.543,2.0212998,9.817599,2.1520998,5.3856,0.5714,1.8145,1.0,2.5205,35.431698
164,Australia,AUS,2007,2215953,848006.0,227347.77,990348.3,32446.24,23622.477,0.9173,8.2609,1.0179,4.9103,0.5714,0.7463,1.0,2.0918,35.5463
165,Australia,AUS,2008,2017256,835018.0,213618.95,825184.8,42935.38,23153.814,1.0788,7.5987997,1.4606999,5.6912,0.56909996,1.2136999,1.0,4.0252,38.1224
166,Australia,AUS,2009,1800565,849785.0,156890.72,647005.7,38065.69,22681.535,1.5831,8.460899,1.5945,5.8171,0.5981,1.3328999,0.95,3.5096,36.174698
167,Australia,AUS,2010,2110218,981787.0,166121.56,823642.4,42169.39,22331.408,1.5728999,10.3895,1.7787,5.5593,0.61689997,1.3665,1.013,3.0279,35.1334
168,Australia,AUS,2011,2303735,1098921.0,179619.11,880364.6,47632.98,22023.254,2.0300999,9.5441,2.1719,5.739,0.6293,1.3651999,1.0175999,3.0558,35.0887
169,Australia,AUS,2012,2271245,1124607.0,188033.23,883685.56,48687.88,21642.104,2.1511,8.9098,2.2108998,6.4653997,0.6667,1.7261,1.0146999,3.396,38.259197
170,Australia,AUS,2013,2502971,1222075.0,209544.98,842369.5,45177.19,21272.797,1.7608999,10.2177,2.0502,6.4441,0.6538,1.5388,1.0138,3.4419,38.5434
171,Australia,AUS,2014,2722959,1404588.0,231506.05,908282.25,49857.35,20957.854,2.0061,10.6827,2.4054,7.4554,0.65599996,1.7555,1.0169,2.4099,39.697
172,Australia,AUS,2015,2696774,1302762.0,239894.89,928054.5,50921.6,20658.385,1.9172,9.910299,2.1202,8.300099,0.677,1.4021,1.0210999,3.016,39.2501
173,Australia,AUS,2016,2787969,1474114.0,255367.97,948200.25,63416.48,20338.22,1.9742999,10.288899,2.1892,7.508,0.691,1.5820999,1.0228,3.4399,40.4096
174,Australia,AUS,2017,2961346,1493809.0,273126.2,979986.6,60201.36,20004.715,2.61,9.8208,2.7939,6.4363,0.75,2.2041,1.0243,2.7017,38.9534
175,Australia,AUS,2018,2642955,1411216.0,293693.53,954830.75,63416.48,19706.293,1.9178,10.386,2.2438,7.3364997,0.73069996,1.4045999,1.0235,2.7201,39.9682
176,Australia,AUS,2019,2730012,1337593.0,288016.25,957503.1,63416.48,19415.777,1.6917,8.771,1.9878,5.5506997,0.70919997,1.2093999,1.0209,2.1088998,37.8022
207,Azerbaijan,AZE,1992,69159,50000.0,5000.0,20000.0,148.68,1099.2881,2.1705,0.7292,2.0105999,1.874,1.4693999,1.8488,0.32549998,0.0578,8.2701
208,Azerbaijan,AZE,1993,51391,34000.0,5000.0,15000.0,148.68,1082.7507,1.6854999,0.9461,1.469,1.3917999,0.9428,1.1972,0.067999996,0.16589999,7.8058996
212,Azerbaijan,AZE,1997,14459,20000.0,1000.0,2700.0,148.68,1035.3076,1.6913999,4.6082,1.4455999,2.434,1.1072999,0.99829996,0.02,0.083299994,8.2711
221,Azerbaijan,AZE,2006,34186,20356.0,2105.0,2100.0,148.68,956.44434,2.605,4.2374997,2.2217999,4.5776997,1.3333,1.7817999,2.5,1.0,14.949699
223,Azerbaijan,AZE,2008,44447,29670.0,3248.0,6030.0,262.99,926.01044,2.7251,2.7972999,2.508,4.7784,1.5317999,2.2433,1.4545,1.1999999,15.643
227,Azerbaijan,AZE,2012,41949,27541.31,2582.0,6061.0,516.35,872.9764,2.6144,2.2249,2.4738998,5.1029,2.6474,2.0604,0.94699997,0.14999999,14.674
228,Azerbaijan,AZE,2013,25160,25389.71,3027.0,10017.0,489.8,861.7576,2.6719,2.2807999,2.4257,5.3903,1.2142999,1.9151,0.86149997,0.5,15.1999
229,Azerbaijan,AZE,2014,33280,37957.3,5708.0,17505.0,531.84,851.06793,2.3285,2.4645998,2.0302,5.4179997,1.2113,1.6308,0.9059,1.2652999,13.288099
230,Azerbaijan,AZE,2015,70224,89732.0,4492.0,4533.0,529.69,840.99005,3.0384998,2.3696,2.8711998,5.97,1.2727,2.3459,2.1875,2.1087,13.773
231,Azerbaijan,AZE,2016,79008,86584.0,1300.0,501.0,542.82,831.64136,3.0475,2.1538,2.6157,6.2485,2.5091,2.5616999,6.6777997,9.55,14.3714
232,Azerbaijan,AZE,2017,87249,71689.0,3795.0,1329.0,542.82,823.5207,2.9687,3.1188998,2.4868999,6.6077,3.368,2.1965,10.6425,5.1896996,15.5499
233,Azerbaijan,AZE,2018,105344,118933.89,8363.22,3.25,542.82,816.4172,2.9383,2.9684,2.717,7.8177,2.8671,2.2870998,32.4593,1.8018,15.1559
234,Azerbaijan,AZE,2019,171942,148695.0,9214.0,530.0,542.82,809.5342,3.1555,2.7612998,2.8883998,8.656,2.1320999,2.4680998,44.0952,1.8621,17.6415
543,Bulgaria,BGR,1990,828161,452900.0,82000.0,150000.0,3906.0,2408.7295,4.5513997,2.3785,3.8544,2.8771,2.0118,1.8247999,0.7813,1.7778,10.4986
544,Bulgaria,BGR,1991,605324,377268.0,33200.0,61115.0,3906.0,2432.7048,3.748,2.5397,3.9159,4.9551,1.8196,1.4448999,0.79999995,1.7969999,11.701699
545,Bulgaria,BGR,1992,348642,189175.0,21400.0,26388.0,3906.0,2458.9692,3.1071,3.2042,3.0535998,2.8128,1.6631999,1.9187,1.0347999,1.8059,11.8262
546,Bulgaria,BGR,1993,293100,166139.0,2300.0,36500.0,3777.25,2478.6619,2.858,3.4761,2.5788999,1.8608999,1.3129,1.3515999,1.0717,1.7297,9.0807
547,Bulgaria,BGR,1994,295736,207700.0,2599.0,14769.0,3648.5,2487.0935,2.8446999,3.7194998,2.9345,2.8056,1.5390999,1.5957999,1.1171,1.7368,10.507
549,Bulgaria,BGR,1996,258904,152000.0,27000.0,13000.0,3391.0,2511.1128,1.8817999,3.3890998,1.7529,2.181,1.0443,1.143,1.0909,1.3158,8.0623
550,Bulgaria,BGR,1997,256964,157800.0,31000.0,11029.0,3262.25,2526.447,2.9501998,2.9871,2.78,3.5781999,1.4793,1.3251,1.5999999,2.5428998,10.4537
551,Bulgaria,BGR,1998,225767,135000.0,25000.0,9000.0,3133.5,2543.3625,2.8058,3.1467,2.4731998,2.7317998,1.4422,1.4308,1.7857,2.3235,9.404099
552,Bulgaria,BGR,1999,183927,110594.0,6000.0,6012.0,3004.75,2557.6619,2.7352,4.94,2.567,3.8239,2.1578999,1.6646,1.5999999,2.75,10.8475
553,Bulgaria,BGR,2000,210347,144900.0,2600.0,4000.0,2876.0,2570.3254,2.8421,4.7001,2.6768,1.7239,1.0731,1.1581,1.0,2.0732,7.5262
554,Bulgaria,BGR,2001,209750,172302.0,1500.0,26280.0,2747.25,2622.0037,3.0081,4.8001,3.1859,2.4713,2.0,1.9254999,1.229,2.0698,12.392099
555,Bulgaria,BGR,2002,184875,283556.0,7500.0,90637.0,2618.5,2679.5417,3.0123,4.3099,3.1159,4.2364,1.3981999,1.5221,1.087,2.1044,12.089399
556,Bulgaria,BGR,2003,193787,315624.0,3011.0,170934.0,2489.75,2700.851,2.3827999,4.2001,1.9399999,2.8,1.2099999,1.37,0.9384,1.6597999,15.1312
557,Bulgaria,BGR,2004,200580,240614.0,3901.0,23347.0,2361.0,2721.3142,3.81,4.9596,3.59,5.54,1.9922999,2.36,1.6402999,2.0997,18.6855
558,Bulgaria,BGR,2005,203561,189946.0,6267.0,39325.0,2232.25,2741.8823,3.1567,4.4800997,2.487,5.3085,1.5504999,1.64,1.375,2.04,15.644799
559,Bulgaria,BGR,2006,225152,146882.0,8270.0,76428.0,2103.5,2762.7864,3.4025998,4.408,2.9417,4.5327997,1.7148999,1.854,1.3357999,2.2752,15.7758
560,Bulgaria,BGR,2007,226272,200117.0,5159.0,109423.0,1974.75,2783.1755,2.1973,4.6447,2.2465,4.5719,1.6782999,1.0282,1.1348,1.1108,13.319699
561,Bulgaria,BGR,2008,183695,213562.0,7590.0,122366.0,1846.0,2802.78,4.1674,4.9621,3.9433,4.1548,1.9937999,2.1911,1.4467,1.9316,16.261799
562,Bulgaria,BGR,2009,272101,278360.0,3825.0,46888.0,1717.25,2820.896,3.1873,5.2263,3.3218,4.7071,1.8946999,1.5365,1.1731,2.4836,16.5508
563,Bulgaria,BGR,2010,282974,270129.0,10935.0,28148.0,1588.5,2839.5266,3.6185,4.7952,3.3966,6.2511997,1.6221,1.7264999,1.4133999,2.4313998,18.1967
564,Bulgaria,BGR,2011,275780,371015.0,12723.0,48780.0,1459.75,2857.793,3.9197,5.0562997,3.9499998,5.5309997,1.9266,1.9757999,1.0188,1.9535999,14.3236
565,Bulgaria,BGR,2012,410217,245000.0,24000.0,49000.0,1331.0,2874.3938,3.7596,5.5604997,3.4578,3.6799998,1.742,1.8522999,1.8219,2.0205,10.1515
566,Bulgaria,BGR,2013,402330,292381.0,35188.0,52123.0,1197.0,2890.5254,4.1885,5.4944997,3.691,6.3943,1.8858999,1.9887999,1.3561,2.6792,14.612499
567,Bulgaria,BGR,2014,484331,296591.0,28429.0,54268.0,1001.0,2907.0017,4.2172,4.904,3.9694998,7.6822996,1.954,1.8059,1.5256,2.7359,13.005
568,Bulgaria,BGR,2015,458742,329546.0,32714.0,65931.0,1541.9,2925.6096,4.5316,5.454,3.9661,5.4084997,1.7781999,1.9585999,1.3517,2.4982998,14.9633
569,Bulgaria,BGR,2016,577934,365913.0,34012.0,82623.0,3759.0,2946.2014,4.7483,5.4031997,4.3161,5.4702997,2.0324,2.0474,1.5677999,2.3448,15.184099
570,Bulgaria,BGR,2017,586165,351120.0,36909.0,67753.15,3384.0,2967.8005,5.3582997,5.6089,4.6370997,6.4361997,2.1008,2.4008,1.8016,2.8832,17.7897
753,China,CHN,1990,30088050,19557800.0,1863100.0,5852800.0,144459.52,2477.922,3.1941,5.7261,2.8061,4.5239997,1.4915999,1.8089,2.0079,3.6734998,11.3166
754,China,CHN,1991,32609874,19970500.0,2404300.0,7284300.0,144459.52,2444.342,3.1004,5.6401997,2.5455,4.5783,1.5101,1.4286,1.6453999,3.5619,10.559999
755,China,CHN,1992,32304726,20329000.0,1952000.0,6921000.0,150858.55,2414.5686,3.3312,5.8030996,2.75,4.5327,1.6852,1.8461,1.7763,3.5960999,12.614599
756,China,CHN,1993,28309184,18003300.0,1531300.0,5544700.0,159466.1,2386.9692,3.5188,5.8479,2.7667,4.963,1.625,1.7425,2.1829,4.1057997,14.8696995
757,China,CHN,1994,32268298,19160000.0,2353000.0,7329000.0,184722.44,2360.142,3.4262998,5.8311,2.8125,4.6935,1.8149999,2.3999999,2.2110999,4.6267,13.654599
758,China,CHN,1995,39286491,23781500.0,2887000.0,8911700.0,205184.23,2334.6377,3.5414999,6.0248,2.6,4.9168997,1.5789,2.0,1.9835999,3.9143999,13.3813
759,China,CHN,1996,40032218,25275000.0,2591000.0,8118000.0,215339.62,2310.2952,3.7340999,6.2121997,2.6769,5.2033,1.6230999,2.4078999,2.3593,4.3924,14.196
760,China,CHN,1997,39329290,22949700.0,3420000.0,9277000.0,225664.9,2286.7712,4.1019,6.3192,2.6246,4.3873997,1.6559999,2.6136,1.6035,3.3564,14.9602995
761,China,CHN,1998,39504747,22887000.0,3486000.0,9457000.0,232498.1,2264.9333,3.6852,6.3662,2.4963,5.2678,1.6845,2.6,2.2059,4.2145,15.8896
762,China,CHN,1999,40369351,24142000.0,3390000.0,8907000.0,249467.8,2245.407,3.9466,6.3447,2.5,4.9447,1.7867999,2.4325,1.7442,3.3105,12.6999
763,China,CHN,2000,39323544,22139168.0,3469000.0,8609700.0,241520.9,2227.7837,3.7382,6.2716,2.4729,4.5975,1.533,2.1127,1.7001,2.9025998,14.031899
764,China,CHN,2001,40084138,22422712.0,4036354.0,8886577.0,240633.73,2211.6602,3.8061,6.1633997,3.7570999,4.6984997,1.3383,2.2570999,1.7121999,3.444,13.6826
765,China,CHN,2002,44833066,25040934.0,4753207.5,10236165.0,247523.55,2196.8916,3.7766,6.1889,3.6329,4.8714,1.4533,1.7926999,1.9093,3.9471,15.0377
766,China,CHN,2003,44107175,25198324.0,4661754.5,9651720.0,250147.33,2183.2505,3.9318,6.0607,3.5598998,4.8125997,2.2652,2.5154,1.8955,3.964,15.0576
767,China,CHN,2004,47720522,26232234.0,5455830.0,10729982.0,261624.06,2170.322,4.2518997,6.3107,4.1022,5.1203,2.1429,2.2222,1.979,4.1022,15.7085
768,China,CHN,2005,48543639,26636828.0,7129175.5,11493873.0,275573.56,2157.5952,4.2753,6.2601,4.1452,5.2872996,1.9856999,3.1818,2.102,4.4667,14.5229
769,China,CHN,2006,51742744,27244474.0,6192374.5,11910882.0,290146.0,2145.5813,4.5934997,6.2795997,3.7626998,5.3262997,1.2727,1.4403,2.1211998,4.8462,15.312599
770,China,CHN,2007,49945240,27982008.0,8324983.5,10295625.0,306322.88,2134.4048,4.6075997,6.4329,3.6049,5.1667,2.4306,2.3815,1.7961999,3.8479998,14.6243
771,China,CHN,2008,46688023,28390798.0,6044586.0,10727334.0,315666.6,2123.4963,4.762,6.5625,3.5569,5.5557,3.0,2.6087,1.5783,3.7505,15.1775
772,China,CHN,2009,50847732,28961334.0,4845743.5,12800676.0,322594.16,2112.9607,4.739,6.5853,3.7010999,5.2585,3.4053998,2.8999999,1.5547999,2.9973,14.413099
773,China,CHN,2010,51526481,29531824.0,7293699.5,14259456.0,331881.25,2102.7805,4.7486,6.553,3.4023,5.4592,3.1667,2.9494,1.9451,4.4842,15.6643
774,China,CHN,2011,54793492,30131120.0,8964250.0,13675669.0,337317.6,2091.321,4.8375998,6.6872997,3.1998,5.7475,3.75,4.3529,2.1025,4.1001,16.2778
775,China,CHN,2012,56630925,30632100.0,9217028.0,13808729.0,340922.94,2077.1826,4.9869,6.7769,3.3186998,5.8697,3.4211,3.1625,2.4397,4.1008997,16.7685
776,China,CHN,2013,57191549,30800704.0,8797104.0,13762193.0,341224.97,2063.393,5.0555997,6.7173,3.6497998,6.0158997,3.4443998,3.4285998,2.4396,4.9653,17.0879
777,China,CHN,2014,54922339,30981666.0,10887568.0,13340410.0,340394.4,2050.428,5.2434998,6.8132,3.8651998,5.8089,3.0588,3.125,3.0372999,4.6591997,17.138199
778,China,CHN,2015,58096845,30795476.0,11727989.0,12642324.0,336562.56,2038.5402,5.3926997,6.8912997,4.1826997,5.8929,3.1037998,3.3221998,2.3421,4.7943997,17.307999
779,China,CHN,2016,54007727,30387932.0,11629388.0,12445889.0,328540.16,2026.8917,5.3964996,6.8657,3.7498999,5.9670997,3.2089999,3.2954,2.5275,4.6477,17.684599
780,China,CHN,2017,51600747,29544992.0,11315327.0,11960050.0,312419.9,2014.661,5.4841,6.9168997,3.2886,6.1103,3.1594,3.4154,2.9592,4.8669,18.2064
781,China,CHN,2018,49334400,28141472.0,10778502.0,10929890.0,283822.47,2005.2611,5.4165998,7.0266,4.002,6.1043,3.123,3.4996,3.0093,4.7021,18.9697
782,China,CHN,2019,51144908,26737666.0,10245328.0,10220624.0,262700.0,1998.1602,5.6298,7.0600996,3.9354,6.3173,3.1406999,3.5526,2.5556,4.8985,22.1738
1258,France,FRA,2001,5161022,2397000.0,1022000.0,759000.0,99694.0,3259.06,6.6169,5.3603,5.7472,8.5711,4.0839,4.1026998,3.6,5.8761,37.4385
1259,France,FRA,2002,4936948,2203200.0,965100.0,713300.0,82448.0,3235.396,7.4455,5.691,6.6875997,8.9751,4.8596,5.0211997,3.5556,6.4431,42.380398
1260,France,FRA,2003,4922674,2375400.0,978400.0,746000.0,74531.0,3212.4917,6.25,5.6052,5.5994997,7.1502,4.0278997,4.054,3.6111,3.7826,40.360798
1261,France,FRA,2004,4828994,2324000.0,889000.0,683000.0,76099.0,3188.9634,7.5787997,5.7098,6.7657,8.9907,5.0576,4.7226,3.6364,5.3483996,45.4162
1262,France,FRA,2005,4449082,2205000.0,735000.0,597000.0,78265.0,3165.1382,6.9887,5.7314,6.4361997,8.2539,4.7514997,4.4775,3.6922998,5.1495,42.2227
1263,France,FRA,2006,4395755,2204665.0,731209.0,555552.0,71612.0,3143.2573,6.7414,5.4756,6.2379,8.5817995,4.5744,4.3406997,3.619,5.5127,40.1909
1264,France,FRA,2007,4742031,2402000.0,794000.0,632000.0,77255.0,3123.939,6.2542,4.6354,5.5769997,9.4821,4.3634,3.8355,3.5307,5.8655,45.334698
1265,France,FRA,2008,3698981,2099000.0,390000.0,296000.0,78577.0,3106.5696,7.1018,5.7598996,6.7644,9.1258,4.7809,4.7037,3.4285998,6.2159,43.519398
1266,France,FRA,2009,3793421,1900820.0,135375.0,164835.0,63676.0,3090.6704,7.4477997,5.7405996,6.8363,8.8934,5.1804,4.9041,3.3636,5.3928,43.7856
1267,France,FRA,2010,4343396,2043000.0,433915.0,278035.0,61903.0,3075.4763,7.0404997,5.0432,6.3852,8.8299,5.1205,4.5564,3.4345,5.5112,42.156597
1268,France,FRA,2011,3823625,1944450.0,396125.0,241585.0,61351.89,3060.667,6.6563,5.6263,5.6808996,9.9668,4.4968,4.1169,3.4192998,6.4627,46.899097
1269,France,FRA,2012,4030809,2024929.0,480197.0,434321.0,63844.29,3045.8906,7.1512,5.5947,6.7386,9.002399,5.0815,4.841,3.3332999,5.6861,41.3769
1270,France,FRA,2013,3970053,2168441.0,449472.0,483391.0,66676.69,3030.198,7.2655997,3.9399998,6.3079,8.1592,4.9174,4.6163,3.3332999,5.4344,43.156
1271,France,FRA,2014,3949626,2159477.0,483658.0,444649.0,75339.2,3016.0422,7.3529997,4.9783998,6.6475,10.0505,4.8984,6.7082,3.0832999,6.3266997,47.977898
1272,France,FRA,2015,3904645,2239842.0,468915.0,440031.0,66896.92,3005.3372,7.8008,5.0014,7.1236997,8.3784,4.7118,6.9518,3.6364,5.1769,42.5052
1273,France,FRA,2016,3873129,2191727.0,393256.0,409585.0,72064.82,2997.4175,5.2896,4.8045,5.444,8.205999,3.9794,6.6032996,3.9498,5.4307,38.8267
1274,France,FRA,2017,3985989,2347437.0,473402.0,458891.0,70603.5,2988.7317,7.2538,5.3971,6.3452,10.123899,4.5361,4.743,3.7949998,5.7929997,44.045998
1410,Greece,GRC,2006,405196,210000.0,52000.0,82508.4,7505.3,5262.985,2.2858999,7.7137,2.4131,10.1383,2.145,2.0144,1.8118999,1.8421999,19.8412
1411,Greece,GRC,2007,420489,236000.0,47000.0,75632.7,7345.7,5249.594,2.2352998,7.6337,2.3037,10.0223,2.2621999,1.9484999,1.8323,1.1532999,20.6388
1412,Greece,GRC,2008,316227,201000.0,37000.0,64173.2,5130.8,5235.6772,2.7768998,7.3731,2.743,10.481,2.3679,1.9848,1.8527,1.0634999,20.1148
1413,Greece,GRC,2009,364867,175000.0,47000.0,55010.18,3404.4,5221.9243,2.7436,7.6682,2.6696,10.4326,2.3353999,2.0335,1.8729999,2.1039999,20.700699
1414,Greece,GRC,2010,377808,213000.0,42000.0,68924.31,5607.7,5215.198,2.6044,6.9283,2.5758998,10.3818,2.2731,1.9887999,1.8934,1.6082,20.6835
1415,Greece,GRC,2011,327080,181394.0,42000.0,57407.51,8189.8,5222.92,2.7003999,8.1086,2.6327,10.7069,2.3042998,2.0535,1.9138,0.793,20.216
1416,Greece,GRC,2012,349582,175445.0,46000.0,56000.0,8002.2,5251.2397,2.665,7.4926,2.6290998,10.4559,2.0002,2.055,1.9516,1.4311,19.9165
1417,Greece,GRC,2013,348969,189208.0,46590.0,58455.0,8081.72,5289.456,2.7777,8.3963995,2.7798,10.6689,2.1248999,2.0521,1.9782,2.6357,20.6787
1418,Greece,GRC,2014,350136,179850.0,42201.0,51640.0,9504.13,5324.807,2.7466,8.465899,2.8323,11.103399,2.0576,2.1973999,2.0,3.3989,23.5796
1419,Greece,GRC,2015,339830,164463.0,41824.0,50483.0,9018.87,5360.0063,2.905,9.0779,2.7817,11.670199,2.3132,2.0887,2.0,3.5909,24.7831
1420,Greece,GRC,2016,346883,173123.0,43865.0,51914.0,9200.0,5382.3457,2.8927999,8.6308,2.8795,11.3337,2.2791,2.3283,2.0288,2.7719,23.7041
1421,Greece,GRC,2017,339368,181726.0,45683.0,51062.0,8503.0,5393.0015,2.9284,8.265699,2.9117,11.598499,2.2235,2.2291,2.2365,2.767,25.2365
1544,Hungary,HUN,1990,833625,358644.0,194300.0,127000.0,12756.0,578.3697,5.0771,3.352,4.6082,4.1577,2.5254998,3.4101999,1.3621,2.1466,17.0773
1545,Hungary,HUN,1991,478261,264468.0,37461.0,24200.0,8069.0,578.40247,5.19,2.3696,4.3599997,6.71,2.37,2.6501,1.9791,3.32,14.4746
1546,Hungary,HUN,1992,314153,148000.0,20000.0,21000.0,5777.0,578.62885,4.0699997,3.0702,3.59,3.6501,1.92,2.81,0.88,1.78,16.85
1547,Hungary,HUN,1993,403943,225300.0,42900.0,24400.0,10197.0,579.28906,3.0649,2.6518998,2.6508,3.5,1.6711999,1.8217,1.1353999,1.6970999,13.309999
1548,Hungary,HUN,1994,412431,243123.0,42000.0,28600.0,9574.0,580.0826,4.6033,3.1308,3.6862998,3.85,2.1838999,2.3230999,1.1486,1.7974,12.7671995
1549,Hungary,HUN,1995,458912,246752.0,65400.0,55993.0,7715.0,580.89075,4.1644,3.1606,3.5797,4.5295,2.2289999,2.6034,1.1686,1.6696999,15.775
1550,Hungary,HUN,1996,551475,318506.0,61721.0,74700.0,6946.0,581.8894,3.2779999,2.2508,2.8339,5.6867,1.6567,2.348,1.1656,1.9934,21.200699
1551,Hungary,HUN,1997,524031,285800.0,67777.0,73511.0,4445.0,583.06287,4.2153,3.3286,3.5948,6.448,2.2707999,2.6448998,1.2865,2.1991,17.9341
1552,Hungary,HUN,1998,464557,282000.0,51000.0,37600.0,5280.0,584.4211,4.139,2.7031,3.5368998,6.0049,2.0821,2.5598,1.6097,2.0486,21.8042
1553,Hungary,HUN,1999,531999,320600.0,63400.0,48600.0,4598.0,586.07886,3.5948,3.3158,3.1225998,6.4129996,2.0346,2.5458,1.4455999,2.0434,21.2423
1554,Hungary,HUN,2000,512563,320000.0,52024.0,45000.0,4151.0,587.6033,3.6044,3.4931998,2.773,4.179,2.0068998,1.6722,1.0675,1.8647,18.4736
1555,Hungary,HUN,2001,529915,336000.0,54751.0,63000.0,5458.0,588.95264,4.3104997,3.2949998,3.5354,6.2455997,2.3803,2.4692,1.3170999,2.1232,25.0499
1556,Hungary,HUN,2002,564985,303000.0,72000.0,62000.0,8231.5,590.6321,3.5212,4.6447997,2.8232,5.0762,1.9633,2.1562998,1.3931999,1.6791999,22.1222
1557,Hungary,HUN,2003,569284,289000.0,83000.0,67000.0,8725.5,592.3263,2.6408,4.3726997,2.3774,3.9591,1.457,1.4883,1.1349,1.706,18.586899
1558,Hungary,HUN,2004,596635,293000.0,85000.0,75000.0,9940.5,593.6394,5.1173997,3.4097,4.2688,7.0011997,2.7582998,3.1225998,1.4399999,2.0335999,25.321
1559,Hungary,HUN,2005,555434,260000.0,71000.0,61000.0,9676.0,594.82117,4.5,3.5426,3.7568998,7.5571,2.5658,2.5209,1.7527,3.0642,25.8776
1560,Hungary,HUN,2006,576478,289000.0,92000.0,75000.0,11523.0,595.74817,4.0719,3.2342,3.6743999,6.8164997,2.5386999,2.5453,1.2871,3.6058998,24.9942
1561,Hungary,HUN,2007,557346,320000.0,100000.0,87000.0,11178.0,596.67175,3.5874999,3.7891,3.1661,3.7326999,2.0393999,2.087,1.0428,2.129,22.1693
1562,Hungary,HUN,2008,390274,316912.0,65348.0,61113.0,12084.0,597.7174,5.0024,3.9404,4.4516997,7.4652996,2.5783,2.9694,1.5979999,3.7807999,26.9012
1563,Hungary,HUN,2009,400341,272056.0,42762.0,40438.0,11144.0,598.64404,3.8546,4.3223,3.316,6.3945,1.8133,2.128,1.156,2.7159998,25.1082
1564,Hungary,HUN,2010,428536,272572.0,56730.0,41094.0,10299.5,599.9986,3.7038,2.9464998,3.3576,6.4744997,2.1125998,2.3205,1.7789999,1.0263,21.7319
1565,Hungary,HUN,2011,483462,303445.0,56257.0,50300.0,8473.26,601.7012,4.1994,3.2410998,3.7854,6.4975996,2.3049,2.4120998,1.3148999,2.1952,28.5714
1566,Hungary,HUN,2012,528943,312940.0,66128.0,58941.0,8141.17,604.81665,3.7484999,3.8074,3.6165998,3.9979,2.243,2.5877,1.3305,2.8081,21.8385
1567,Hungary,HUN,2013,538497,342949.0,71023.0,76147.0,7744.5,606.48444,4.6386,3.2726998,4.0534,5.4372997,3.0684,2.5688,1.0346,2.7110999,23.262999
1568,Hungary,HUN,2014,558557,326753.0,77950.0,82422.0,9011.0,608.12036,4.7288,3.2958,4.4238,7.8184996,2.8553998,2.666,1.5806999,4.2511,27.0462
1569,Hungary,HUN,2015,548326,338781.0,74487.0,80306.0,9487.2,609.56854,5.1796,3.3578,4.7585998,5.7871,2.7566,2.8346,1.295,3.3939998,24.1264
1570,Hungary,HUN,2016,571606,403970.0,98676.0,94676.0,9763.0,611.37006,5.3654,3.7024999,5.0919,8.6301,3.0879,2.8542,1.5888,3.6181998,26.1659
1571,Hungary,HUN,2017,631610,424476.0,116041.0,118216.0,9760.0,612.9976,5.4287,4.4495,5.2834,6.8153996,3.2877998,2.5449,1.3357999,3.9301999,24.6182
1904,Kazakhstan,KAZ,1992,734893,150000.0,10000.0,315000.0,17182.0,3914.449,1.3324,3.9915,1.5123999,3.1213999,0.858,1.6199,0.5239,1.1765,10.592299
1905,Kazakhstan,KAZ,1993,583263,86000.0,7000.0,231000.0,17182.0,3928.4102,0.91779995,3.6871,1.0382999,3.2677,1.3923999,1.4675,0.5214,1.25,9.62
1906,Kazakhstan,KAZ,1994,376232,65000.0,6000.0,50000.0,17182.0,3985.565,0.74899995,2.7937,0.973,2.2387,0.88799995,1.3406999,0.43429998,1.2857,9.5739
1907,Kazakhstan,KAZ,1995,305826,64000.0,6000.0,25000.0,13535.0,4068.602,0.5748,2.1931999,0.5613,1.9316,0.57129997,0.61399996,0.334,0.5,8.4588995
1908,Kazakhstan,KAZ,1996,305221,67100.0,6000.0,57900.0,13047.0,4130.765,0.6835,2.6155,0.8217,1.6795,0.3511,0.8506,0.2681,0.7902,8.8347
1909,Kazakhstan,KAZ,1997,193195,15100.0,6000.0,35000.0,8112.0,4196.446,0.84489995,3.0765,0.9352,1.8136,0.77,0.8505,0.63,0.625,8.4078
1910,Kazakhstan,KAZ,1998,125410,12600.0,200.0,200.0,6416.14,4269.6084,0.52,3.2161999,0.61869997,2.678,0.3338,0.4193,0.3533,0.76919997,7.6678996
1911,Kazakhstan,KAZ,1999,140047,30000.0,2100.0,2100.0,4720.28,4310.5835,1.2868,2.807,1.3317,3.0168,0.88769996,1.4001,0.44149998,5.0,10.7532
1912,Kazakhstan,KAZ,2000,144872,30000.0,2100.0,4900.0,3024.42,4323.543,0.90279996,2.9722998,1.0237,3.3349998,1.6113,0.96019995,0.47759998,6.5861998,10.6383
1913,Kazakhstan,KAZ,2001,160224,42000.0,2900.0,5500.0,3007.26,4330.9023,1.1803,2.8713999,1.311,3.7124999,1.0373,1.2046,0.6288,3.1915,13.2897
1914,Kazakhstan,KAZ,2002,179921,12800.0,200.0,10700.0,3361.84,4330.7236,1.0895,3.0288,1.2717999,4.137,1.3755,1.2688,0.73579997,1.4316,13.927799
1915,Kazakhstan,KAZ,2003,186763,19600.0,40.0,14100.0,3606.55,4316.179,1.025,3.2696,1.1415,4.3236,0.84499997,1.0622,0.8929,0.56,13.9057
1916,Kazakhstan,KAZ,2004,194250,24800.0,3400.0,13900.0,3802.92,4286.2896,0.84319997,3.4182,0.8451,4.4575,0.7157,0.76699996,0.7528,1.75,13.4485
1917,Kazakhstan,KAZ,2005,182301,20500.0,3400.0,16900.0,3666.62,4248.358,0.94799995,3.3518,1.053,4.1545997,0.7772,1.1775,0.5564,2.0,15.013499
1918,Kazakhstan,KAZ,2006,190447,27800.0,200.0,13400.0,3926.27,4203.661,1.1348,3.2965999,1.1685,4.6317,0.7542,1.1782,0.7578,2.4127998,15.385099
1919,Kazakhstan,KAZ,2007,201338,37500.0,900.0,20500.0,5575.89,4155.8516,1.2982999,3.3678,1.3283,4.5636,1.3096,1.3525,0.847,0.48,15.5792
1920,Kazakhstan,KAZ,2008,210383,16300.0,200.0,14400.0,7044.9,4078.7383,0.9715,3.3736,1.0467,4.4042,0.7363,0.94049996,0.9884,0.38709998,14.435599
1921,Kazakhstan,KAZ,2009,216573,29500.0,800.0,26100.0,8716.14,3998.6772,1.1941,3.5323,1.4735,4.75,1.3014,1.367,0.8858,0.5,16.2092
1922,Kazakhstan,KAZ,2010,225031,40701.0,3201.0,14786.0,6283.85,3942.5625,0.73359996,3.9696999,0.98499995,4.8331,0.969,0.82189995,0.61719996,0.45,14.3194
1923,Kazakhstan,KAZ,2011,230968,47523.0,4359.0,35530.0,10656.6,3886.5261,1.6609,3.7152,1.7112,4.9863997,1.1402999,1.8011999,1.1001999,1.3,16.7176
1924,Kazakhstan,KAZ,2012,231175,105264.0,3609.0,20784.0,8674.58,3832.1614,0.79289997,3.7712,0.9123,5.1877,0.8912,0.8896,0.63839996,0.275,16.5927
1925,Kazakhstan,KAZ,2013,218250,55742.0,3541.0,25626.0,8738.38,3777.3948,1.0762,3.85,1.3823999,5.2778997,1.1026,1.382,1.0041,0.2258,18.152199
1926,Kazakhstan,KAZ,2014,266741,80654.0,3478.0,32355.0,11158.77,3722.1738,1.0900999,3.9573,1.2631999,5.282,1.3860999,1.1754,0.6317,0.5807,18.4251
1927,Kazakhstan,KAZ,2015,291695,91532.0,2507.0,33111.0,10588.9,3668.1704,1.1882,4.2756,1.3131,5.3297,0.97999996,1.193,0.7898,0.2103,18.55
1928,Kazakhstan,KAZ,2016,314834,80019.97,2269.08,31544.58,10372.1,3616.3765,1.2111,4.7479997,1.706,5.6422997,1.1456,1.5978,1.0957,1.157,19.0381
1929,Kazakhstan,KAZ,2017,355730,104222.71,3655.34,50329.63,13811.1,3567.513,1.2427,4.6840997,1.5977,5.7412,1.247,1.3342999,0.92859995,0.6701,19.4161
1930,Kazakhstan,KAZ,2018,380790,81004.79,1291.45,38293.63,13058.0,3520.924,1.2281,4.759,1.5777999,5.7448997,1.046,1.429,0.9267,0.7808,19.7945
1931,Kazakhstan,KAZ,2019,273257,54542.29,1741.01,29424.72,13102.4,3475.8096,1.0137,5.4983,1.2866,5.7332,1.097,1.0965999,0.8372,0.7978,20.3408
1997,Kyrgyzstan,KGZ,1999,56176,26849.0,44.0,1178.0,898.04,10108.669,2.2977,2.4698,1.7631999,5.3037996,1.2105,2.5728998,1.6667,0.44709998,14.9513
1998,Kyrgyzstan,KGZ,2000,58005,27653.0,146.0,1400.0,680.9,9988.976,2.342,3.0488,2.1357,5.7523,2.1364,2.1949,2.5,0.38459998,15.1543
2000,Kyrgyzstan,KGZ,2002,36514,9232.0,46.0,205.0,733.2,9804.236,2.3016999,3.129,2.3476999,5.7802997,0.9043,3.3874,2.0,0.7317,23.7869
2001,Kyrgyzstan,KGZ,2003,38432,31383.0,18.0,1810.0,1302.6,9701.98,2.3648999,3.0068998,2.2782,6.0898,0.2667,3.1441998,1.9820999,0.8824,15.719999
2002,Kyrgyzstan,KGZ,2004,34454,27232.0,8.0,1684.0,1321.3,9585.284,2.4343998,3.0052,2.2791,6.1938,1.0,2.6927,2.0,1.0,15.993799
2007,Kyrgyzstan,KGZ,2009,67901,25887.0,1006.0,1266.0,266.8,9089.221,2.6285,3.3040998,2.3436,6.1756,3.7812998,2.688,4.0464997,1.0,15.9993
2008,Kyrgyzstan,KGZ,2010,71060,25714.0,0.0,3204.0,350.1,8981.442,2.1674,3.2935,1.8894,6.0632,3.6332998,2.4931,1.7714,1.1527,15.964399
2009,Kyrgyzstan,KGZ,2011,71172,22447.0,46.0,1964.0,312.9,8872.811,2.1445,3.0898,1.9167,6.0143,3.4211,2.1922,1.6919999,1.2027999,16.2543
2010,Kyrgyzstan,KGZ,2012,72017,26908.0,41.0,4093.0,365.1,8726.28,1.6751,3.2219,1.4476,6.0965,3.4666998,1.7579999,1.775,1.2542,16.1034
2011,Kyrgyzstan,KGZ,2013,75306,29124.0,28.0,5923.0,341.1,8554.794,2.3653998,3.4438,2.1066,6.1825,3.4499998,2.181,1.5682,1.2857,16.545599
2012,Kyrgyzstan,KGZ,2014,70890,35748.0,265.0,4967.0,402.6,8384.886,1.6893,3.5016,1.2682999,6.0462,1.5357,1.4281,1.9688,1.2307999,16.740599
2013,Kyrgyzstan,KGZ,2015,59700,12786.03,92.4,444.4,516.0,8214.004,2.3701,3.5080998,2.1283998,6.2721996,2.4938,2.718,2.1025999,1.5385,16.7642
2014,Kyrgyzstan,KGZ,2016,64933,14085.66,240.6,2020.28,533.0,8048.3594,2.4461,3.5184999,2.2494,6.3778996,2.4838998,2.1822,2.2556,1.1029999,16.899399
2015,Kyrgyzstan,KGZ,2017,69440,9311.93,172.95,418.75,560.0,7894.2275,2.4053,3.5669,2.2024,6.4452,2.4651,2.4231,2.1512,3.2159998,17.0537
2016,Kyrgyzstan,KGZ,2018,72687,24953.0,196.0,2195.0,608.0,7738.66,2.4268,3.5944998,2.2377,6.5948997,2.4845,2.314,2.1499999,1.7931,17.1342
2017,Kyrgyzstan,KGZ,2019,77305,24773.6,374.0,4037.4,677.3,7578.7617,2.5093,3.6464,2.2717,6.6995997,2.478,2.0495,2.2410998,2.5182,17.3444
2332,Mexico,MEX,1990,2164546,1346300.0,78300.0,373800.0,26624.98,5004.8687,4.2142997,3.7417998,1.8715999,1.9942,3.0,1.5741,0.5,3.2888,15.8256
2333,Mexico,MEX,1991,1992702,1155200.0,84300.0,379900.0,26624.98,4906.925,4.1272,4.0954,2.0423,2.0514998,2.5781999,1.7269,0.9231,3.1195,16.2351
2334,Mexico,MEX,1992,1993016,1230000.0,88000.0,298000.0,26624.98,4812.152,3.9529998,4.3577,1.8966,2.345,3.3537998,1.1187999,1.1667,3.8909998,16.8178
2335,Mexico,MEX,1993,1973392,1193000.0,81900.0,317000.0,26624.98,4720.223,4.0821,4.8725,2.3084,2.4401,2.0,1.1903,1.0,2.9408,16.893099
2336,Mexico,MEX,1994,2029661,1182400.0,90000.0,375500.0,26624.98,4631.18,4.3034,4.2555,2.6531,2.2254999,4.0,1.313,0.75,2.9566,19.0845
2340,Mexico,MEX,1998,2177867,1336000.0,173300.0,295000.0,26624.98,4315.8354,4.2077,4.5108,1.5353,2.3429,2.8249,1.3677,0.6071,3.3151999,20.495499
2341,Mexico,MEX,1999,2162242,1300000.0,170000.0,306000.0,26624.98,4245.61,4.631,4.7762,2.0007,2.472,2.9231,1.4864,0.6667,2.9901,22.3519
2343,Mexico,MEX,2001,2259022,1374100.0,169978.0,321300.0,23371.7,4114.925,4.7661,4.2576,2.4529998,2.5777,2.4694,1.2791,0.8947,3.3799999,23.7799
2344,Mexico,MEX,2002,2044450,1067851.2,203299.0,320800.0,11535.83,4052.8323,5.0999,4.5027,2.6090999,2.7105,2.6499999,1.5033,0.89089996,2.9859,23.7558
2345,Mexico,MEX,2003,2086899,1082436.2,182609.0,323500.0,16285.16,3992.9966,4.4912,4.555,2.9756,2.7524998,1.0,2.0251,0.94119996,3.276,25.4312
2346,Mexico,MEX,2004,2182262,942528.0,240216.0,375800.0,18507.68,3934.7424,4.4871,4.4631,2.8590999,2.8188,1.75,1.5374999,0.9,3.8223,24.239899
2347,Mexico,MEX,2005,2119086,1219457.0,187145.0,380700.0,39171.9,3878.895,4.7517,5.0653,2.4851,2.9276,1.12,1.6610999,1.0,3.4543998,25.9662
2348,Mexico,MEX,2006,2076699,1057564.0,194306.0,360944.0,38402.66,3826.4785,5.2274,4.7857,2.7559,3.0012,1.68,2.0007,1.0,3.4480999,24.861
2349,Mexico,MEX,2007,2215108,1141863.0,247020.0,283000.0,50894.34,3776.4429,5.0824,4.1535997,2.2807,3.2063,0.8824,1.7243999,1.0,3.4947,27.0565
2350,Mexico,MEX,2008,1819654,939477.0,199322.0,180000.0,50154.53,3728.8772,5.0134,4.4618998,2.5137,3.3070998,1.1176,1.4688,0.996,3.5965,27.7258
2351,Mexico,MEX,2009,2102168,1038669.0,270000.0,276800.0,50327.9,3683.0447,4.9688,4.8501997,2.1704,3.2368,1.1765,1.8120999,1.0,3.6130998,27.7374
2352,Mexico,MEX,2010,2195991,1074653.0,280000.0,303500.0,52305.13,3634.5088,5.4185,5.1900997,2.5119,3.2598999,1.3095,1.6646999,15.555599,3.9246,27.7578
2353,Mexico,MEX,2011,2172571,1362412.2,274000.0,281000.0,53219.63,3582.9897,5.4778,5.0962,2.2324998,2.9057999,1.5,0.97919995,15.0,3.7201998,26.2734
2354,Mexico,MEX,2012,2236432,1332483.6,280000.0,300000.0,49213.67,3533.2969,5.6568,5.6231,3.1431,3.1873999,1.0,1.7935,16.0,3.8295,26.8098
2355,Mexico,MEX,2013,2588077,1476732.5,263500.0,332200.0,47551.15,3487.063,5.2934,5.4252,2.0021,3.1941,1.7221999,1.8448,14.9649,3.735,26.7752
2356,Mexico,MEX,2014,2606662,1418261.5,179972.11,406600.6,43028.74,3444.0398,5.1935,5.7121997,2.6964998,3.2963998,0.65,1.7687,25.0,4.1679997,27.3384
2357,Mexico,MEX,2015,2472055,1110200.0,220208.66,462605.8,48292.99,3404.081,4.5256,5.8079,2.3358,3.4782,1.5,1.7943,13.2,3.1323,27.1435
2358,Mexico,MEX,2016,2718594,1491238.9,192319.8,502768.0,47421.33,3365.7227,5.3388,6.1345997,2.967,3.718,1.4345,1.8535999,11.625299,3.3084998,27.925999
2360,Mexico,MEX,2018,2797276,1331837.2,302353.72,506300.0,53144.44,3298.0186,5.4372997,6.2848,2.8645,3.8146,1.8,1.9897,15.7857,3.484,29.892
2361,Mexico,MEX,2019,2671254,1331837.2,248908.17,506166.38,48989.2,3269.7683,5.5308,6.3662,2.6929998,4.0697,1.7099999,2.0719,13.822499,3.2858,30.5241
2420,Morocco,MAR,1990,373001,164000.0,61000.0,125000.0,9364.0,1180.2621,1.329,4.1749997,0.88519996,1.1597999,0.8336,1.1089,1.0,0.5496,17.185099
2421,Morocco,MAR,1991,311253,140600.0,45900.0,102200.0,9771.14,1160.5532,1.8699,3.8406,1.38,0.87,1.0,1.415,1.0,0.4712,17.1948
2422,Morocco,MAR,1992,312723,131430.0,54600.0,104900.0,10178.29,1141.7019,0.7011,3.0693998,0.484,0.47529998,1.0,0.67859995,1.0734,0.55579996,15.1411
2423,Morocco,MAR,1993,355074,171700.0,59100.0,103600.0,10585.43,1123.7358,0.68079996,5.0,0.47739998,0.2065,0.99189997,0.59499997,1.0,0.7545,15.615299
2424,Morocco,MAR,1994,316469,134800.0,55500.0,104800.0,10992.57,1106.8047,1.8111,6.5,1.4405,0.6261,1.0,1.2365999,1.4814999,0.4719,17.652199
2425,Morocco,MAR,1995,304330,144900.0,57800.0,79500.0,11399.71,1090.2645,0.5543,4.9571,0.385,0.1303,1.0,0.4946,1.435,0.0866,16.6304
2426,Morocco,MAR,1996,311940,124500.0,56500.0,109000.0,11806.86,1074.1101,1.8414999,5.7999997,1.5766,0.9274,0.96849996,0.8933,1.5310999,0.6055,19.0473
2427,Morocco,MAR,1997,350682,174127.0,55200.0,98000.0,12214.0,1058.5055,0.9292,3.7256,0.6634,1.0984,0.9507,0.62659997,1.6182,0.5338,17.8706
2428,Morocco,MAR,1998,347418,176000.0,51000.0,98000.0,12621.14,1043.4723,1.4183999,5.4108,0.812,0.6468,0.92999995,0.71459997,1.6969999,0.7019,19.0427
2429,Morocco,MAR,1999,390219,202941.0,57600.0,103992.0,13028.29,1029.2084,0.80039996,4.5,0.71209997,0.412,0.90749997,0.4736,1.8414999,0.6264,18.3361
2430,Morocco,MAR,2000,393282,207600.0,51013.0,108803.0,13435.43,1015.6048,0.47579998,4.5,0.2074,0.39999998,0.8843,0.2979,1.6932,0.7205,18.0193
2431,Morocco,MAR,2001,394664,198000.0,52200.0,110000.0,13842.57,1002.41626,1.2279999,5.2773,0.5434,0.21069999,0.8531,0.5347,1.7292999,0.5845,18.774
2432,Morocco,MAR,2002,420879,248163.0,69461.0,233163.0,14249.71,989.6997,1.2793,4.1453,0.83349997,0.74939996,0.83129996,0.7105,1.7597,0.4982,23.1985
2433,Morocco,MAR,2003,442135,207532.0,73835.0,219476.0,14656.86,977.70593,1.722,4.9705997,1.1560999,0.5617,0.7636,0.78529996,1.7903,0.7301,21.777199
2434,Morocco,MAR,2004,457669,231504.0,61364.0,109074.0,15064.0,965.60046,1.8082,6.7044997,1.1876999,0.9152,0.75619996,0.8703,1.8209,0.8233,24.164999
2435,Morocco,MAR,2005,458220,337370.0,66300.0,114410.0,13966.0,952.9473,1.0260999,6.7999997,0.5056,0.20359999,0.752,0.61329997,1.8528,0.5451,23.809
2436,Morocco,MAR,2006,452400,321350.0,62150.0,101700.0,13697.0,940.55005,2.0365,6.7999997,1.1582999,1.2198,0.7536,0.92789996,1.8877,0.7841,26.3272
2437,Morocco,MAR,2007,458749,304810.0,56800.0,112850.0,13697.0,928.516,0.61539996,7.3666997,0.3825,0.4155,0.76199996,0.2879,2.0,0.6234,24.797499
2438,Morocco,MAR,2008,381556,275060.0,61350.0,97002.0,13697.0,916.7064,1.3189,6.9563,0.6204,0.55149996,0.7143,0.71129996,2.0932999,0.86829996,24.467499
2439,Morocco,MAR,2009,389126,195952.0,24572.0,109625.0,13697.0,905.03735,2.1397998,6.4154,1.7269,0.9151,0.9,0.9684,2.0029,0.8878,19.532799
2440,Morocco,MAR,2010,474398,220293.0,21101.0,200498.0,13697.0,893.2734,1.7095,6.8269997,1.337,1.2132,0.85709995,1.2458999,2.0073,0.66319996,28.350199
2441,Morocco,MAR,2011,473148,221434.0,31500.0,208427.0,13697.0,881.35986,1.9488,7.0235996,1.1439999,1.1532999,0.6389,1.7651,2.0,0.80109996,29.7584
2442,Morocco,MAR,2012,486305,185385.0,23977.0,249258.0,13697.0,869.50867,1.2342,7.6015,0.6346,0.76479995,0.6486,1.1829,1.9642999,0.9475,27.98
2443,Morocco,MAR,2013,556056,238977.0,43927.0,233970.0,13697.0,857.8986,2.164,7.5432997,1.3841,0.66319996,0.6667,1.4354,1.9655,1.0637,36.3561
2444,Morocco,MAR,2014,508995,233016.0,82376.0,226951.0,13697.0,846.7499,1.7132,7.5,1.0333999,0.70849997,0.6702,0.8753,2.0293,1.0,30.7171
2445,Morocco,MAR,2015,492792,243242.7,61304.95,223949.2,13697.0,836.2058,2.4664,7.6173,1.6983999,0.75439996,0.6738,1.1403999,2.0988998,1.0478,29.829199
2446,Morocco,MAR,2016,412533,114118.19,62187.86,144240.0,13697.0,826.03986,1.1315,7.0881,0.5133,0.92749995,0.6523,0.6098,2.0267,0.91819996,29.3368
2447,Morocco,MAR,2017,479460,251200.0,99039.2,158300.0,13697.0,816.25494,2.0953,7.2005,1.2322999,0.93619996,0.6259,1.1708,2.041,0.89699996,29.939
2448,Morocco,MAR,2018,471680,211000.0,153530.39,132100.0,13697.0,807.1809,2.5751998,7.791,1.8224,0.79899997,0.6548,1.7452999,2.0804,0.9011,30.131498
2449,Morocco,MAR,2019,489297,211000.0,107282.43,132100.0,13697.0,798.8011,1.6063,8.102099,1.1057,0.6397,0.6459,0.649,2.0693,0.7998,31.326199
2683,North Macedonia,MKD,1994,78145,36162.0,14000.0,8761.0,540.0,2723.8914,2.7545,5.0334997,2.503,3.1183,1.5044999,1.2538999,1.0,1.0652,9.844299
2684,North Macedonia,MKD,1995,55854,25219.0,6000.0,6008.0,573.0,2721.8235,2.9304,5.1370997,2.7782,3.9018998,1.6322,1.3038,1.0,1.4642999,11.0987
2685,North Macedonia,MKD,1996,61495,30400.0,6000.0,7000.0,556.0,2707.8174,2.2921999,5.3595,1.9992,3.3885,1.6121,1.0031999,0.84209996,1.1999999,11.1325
2697,North Macedonia,MKD,2008,47539,15677.0,3840.0,4294.0,85.0,2638.1382,3.4101,6.2412996,3.4376998,4.0991,2.5266,1.8544999,1.5,1.25,14.0996
2698,North Macedonia,MKD,2009,35619,17412.0,3019.0,3382.0,98.0,2633.2844,3.0756,6.3686,3.0103998,4.7054,2.4558,1.8195,1.4157,1.2358,14.9105
2699,North Macedonia,MKD,2010,40660,19444.0,3831.0,4509.0,98.0,2627.7322,3.0442998,6.2303,2.9510999,4.4778,2.4652,2.0077,1.5,1.25,15.511
2700,North Macedonia,MKD,2011,42396,18143.0,3721.0,4474.0,98.0,2623.2197,3.3458,5.9919996,3.1513999,4.2704,2.3638,1.8813,1.4451,1.2484,14.1647
2701,North Macedonia,MKD,2012,46082,16738.8,3445.26,3660.04,98.0,2620.0315,2.6956,5.2321997,2.2014,3.9554,1.9346999,1.4889,1.5,1.2457,12.873099
2702,North Macedonia,MKD,2013,37177,19314.11,3964.48,5468.75,98.0,2616.2385,3.1978,5.9916,2.9936,4.2269,2.3676999,1.8751999,1.5,1.2354,13.9459
2703,North Macedonia,MKD,2014,37229,20428.62,3853.96,5466.2,98.0,2611.8867,3.7549999,5.8949,3.7187998,4.4898,2.7363,2.0999,1.4232999,1.207,14.9372
2704,North Macedonia,MKD,2015,36510,19361.84,3343.74,4720.08,98.0,2608.411,2.7540998,6.1238,2.4703,4.2142997,2.0614998,1.841,1.2509999,1.2112,14.0169
2705,North Macedonia,MKD,2016,38163,22523.97,4532.2,5938.82,98.0,2605.5615,3.8384998,4.9189997,3.5070999,4.6266,2.2775,2.1103,1.3751,1.219,14.6473
2706,North Macedonia,MKD,2017,36337,20996.66,3433.53,4337.49,98.0,2603.0344,2.7463999,5.2169,2.1376998,3.8437,2.0704,1.5874,1.3409,1.216,13.3188
2707,North Macedonia,MKD,2018,36013,17914.0,3393.05,4127.2,98.0,2600.8843,3.3964999,6.1240997,3.0716999,5.1456,2.445,2.0434,1.3177999,1.2156999,14.3354
2708,North Macedonia,MKD,2019,37908,17619.11,3534.52,4512.67,98.0,2600.2869,3.4847999,6.1126,3.1509,4.2702,2.2652,1.8448,1.3438,1.217,14.3588
3069,Russia,RUS,1992,8169119,2622000.0,1348000.0,1540000.0,25961.0,29029.57,1.903,2.8407,1.8536999,2.6843,1.8334999,1.3248,0.8393,0.87839997,11.37
3070,Russia,RUS,1993,6383469,2051000.0,900000.0,900000.0,25961.0,29045.1,1.7655,2.6382,1.7342,3.1022,1.5410999,1.3754,0.7895,1.28,10.86
3071,Russia,RUS,1994,3848171,900000.0,350000.0,260000.0,25961.0,29055.055,1.4498,2.7124999,1.6493,1.7019,1.5372,1.2909,0.7416,1.1829,10.25
3072,Russia,RUS,1995,3804258,1000000.0,400000.0,350000.0,25961.0,29061.346,1.3945999,3.2062,1.0732,2.7612,1.2621,1.2164999,0.6989,1.2698,11.7699995
3073,Russia,RUS,1996,3436370,984000.0,220000.0,376000.0,25961.0,29103.646,1.5449,2.4799,1.3513,2.3349,1.4368,1.3865,0.3859,0.5754,11.44
3074,Russia,RUS,1997,3181701,950000.0,280000.0,320000.0,25961.0,29151.807,1.8417,2.3367,1.7530999,3.1366,1.9186,1.6078,1.2671,1.2476,11.1394
3075,Russia,RUS,1998,2739676,831000.0,153000.0,280000.0,27372.06,29200.088,1.3593999,3.0328999,1.3804,1.5950999,1.0241,1.1764,0.8501,1.0417,9.710199
3076,Russia,RUS,1999,2720580,959000.0,182000.0,220000.0,28783.11,29290.537,1.5690999,2.7319,1.425,1.9054999,1.4656999,1.1255,0.93649995,0.96639997,9.652599
3077,Russia,RUS,2000,2763177,960000.0,180000.0,280000.0,30194.17,29413.998,1.6143999,3.4863,1.6601,2.066,1.5833,1.4728999,0.8204,0.8548,10.4698
3078,Russia,RUS,2001,2901171,1090500.0,199400.0,312800.0,31605.23,29539.004,2.0583,3.4822998,2.0052,1.7299,1.8771,1.7074,0.7887,0.7546,10.8412
3079,Russia,RUS,2002,2723306,907000.0,198820.0,313151.0,33016.29,29675.205,2.0681,3.7519999,1.9656999,2.7422,1.8984,1.5554,0.8581,1.1410999,10.2782
3080,Russia,RUS,2003,2672848,846330.0,198820.0,303430.0,34427.34,29810.17,1.703,3.1337,1.9426999,3.0813,1.8582,1.6740999,1.3953999,1.3876,11.6696
3081,Russia,RUS,2004,2747439,838270.0,226080.0,330530.0,35838.4,29930.453,1.9822999,3.7584,1.787,3.8751998,1.5399,1.5024999,1.1912999,1.6765,11.5989
3082,Russia,RUS,2005,2675038,863240.0,226040.0,346840.0,37249.46,30044.842,1.9290999,4.1756997,1.8,3.85,1.5658,1.4291999,1.1186,1.3902,12.380899
3083,Russia,RUS,2006,2766959,914660.0,234410.0,368260.0,38660.51,30143.383,1.9491999,4.3573,1.8810999,3.6151998,1.7073,1.4649999,1.0344,1.0253999,13.3298
3084,Russia,RUS,2007,3051001,1043750.0,280170.0,408890.0,40071.57,30194.998,2.1007,4.4874997,1.859,2.9299998,1.9183999,1.6258,1.1091,1.4767,13.1981
3085,Russia,RUS,2008,3402957,1209760.0,291510.0,430850.0,41482.63,30208.27,2.4459,4.6029,2.4572,3.8588,2.1141,1.7113999,1.3836,1.1722,13.7546
3086,Russia,RUS,2009,3506538,1237290.0,270910.0,393790.0,42893.69,30199.178,2.3181999,5.1447,2.3156,3.5319,2.0681,1.7881,1.0047,0.98219997,14.2662
3087,Russia,RUS,2010,3501405,1192680.0,283210.0,436980.0,44304.74,30185.621,1.9181,5.2801,1.6904,3.0086,1.1961,1.4453,0.78169996,1.0509,10.023399
3088,Russia,RUS,2011,3599535,1262820.0,279580.0,426760.0,45715.8,30162.092,2.2645,5.0938997,2.2028,4.3444,1.9491999,1.8153,1.3888999,0.881,14.8378
3089,Russia,RUS,2012,3628138,1179790.0,275750.0,421940.0,47126.86,30111.37,1.7727,5.49,1.8259,4.2388,1.4983,1.412,1.0151,1.0455999,13.441199
3090,Russia,RUS,2013,3342238,1166600.0,256470.0,437950.0,48537.91,30047.316,2.2288,4.9473,1.9209,5.0109997,1.8935,1.6451,1.1783,1.4356999,14.464399
3091,Russia,RUS,2014,3461852,1194490.0,273790.0,466000.0,49948.97,29981.992,2.4975998,5.3620996,2.271,4.3592997,1.7653999,1.7062999,1.2268,1.4699,14.9902
3092,Russia,RUS,2015,3808891,1263420.0,295680.0,467890.0,51360.03,29924.314,2.3883,5.5794997,2.1315,4.9337,1.6686,1.6027,1.2908,1.2408999,15.9337
3093,Russia,RUS,2016,4315462,1445212.0,317902.0,510163.0,71057.0,29873.412,2.6854,5.3030996,2.2089999,5.5028996,2.0386999,1.736,1.5368999,1.4825,15.7575
3094,Russia,RUS,2017,4184762,1512795.0,370271.0,589850.0,79522.64,29841.504,3.1253998,5.3143997,2.6286,4.8875,2.1708999,1.9639,1.3354,1.0574,16.2536
3095,Russia,RUS,2018,4379616,1542017.0,389543.0,600456.0,74671.56,29845.404,2.725,5.7622,2.158,4.8066998,2.004,1.7292,1.1606,1.1078,17.0499
3096,Russia,RUS,2019,3898827,1727454.0,419300.0,601473.0,77306.76,29860.201,2.7015998,5.7615,2.4001,5.6987,1.7336999,1.8234999,1.2462,1.3032,17.8228
3240,South Africa,ZAF,1990,834967,377600.0,136987.0,270500.0,16582.0,1123.4386,1.0934,1.8975999,2.3818,2.2051,0.049999997,1.5287,0.5609,1.7398,20.0263
3241,South Africa,ZAF,1991,791143,358100.0,123600.0,258400.0,16582.0,1095.0612,1.4915999,2.1153998,1.2593,2.2573,0.061499998,1.2049999,0.52489996,1.8192999,20.018799
3242,South Africa,ZAF,1992,782692,363000.0,126400.0,243400.0,16582.0,1072.7776,1.7652999,2.138,2.0075,0.78529996,0.058799997,1.2857,0.5,0.6178,17.845499
3243,South Africa,ZAF,1993,892680,411603.0,130600.0,301180.0,16582.0,1053.487,1.8454,2.1606,2.0086,2.284,0.0667,1.3192999,0.5909,2.1564,22.8678
3244,South Africa,ZAF,1994,800877,375100.0,130000.0,247000.0,16582.0,1035.4077,1.7560999,2.1832,2.2917,2.8481,0.0638,1.48,0.5611,2.2916,23.262499
3245,South Africa,ZAF,1995,818383,386000.0,141000.0,240000.0,18025.0,1018.50397,1.4506999,2.2058,2.3999999,1.38,0.0634,1.3571,0.5596,2.0319,25.7634
3246,South Africa,ZAF,1996,856182,405000.0,143000.0,255900.0,19508.0,1003.0988,2.0960999,2.2284,1.3858,2.7043,0.0727,1.3199999,0.5557,3.0774,26.1054
3247,South Africa,ZAF,1997,814895,405000.0,131000.0,225000.0,21596.0,989.289,1.7574999,2.251,1.3787999,2.5195,0.08,1.0,0.5499,2.6917,28.210499
3248,South Africa,ZAF,1998,845187,406000.0,158800.0,218000.0,24304.0,977.0531,2.5295,2.2735999,1.9210999,2.1611,0.074999996,1.0123,0.5445,2.7305999,30.766699
3249,South Africa,ZAF,1999,828737,413000.0,136400.0,227300.0,26098.8,966.25275,2.4136999,2.296,0.8928,2.2273998,0.18429999,1.0179,0.55,2.2602,31.554499
3250,South Africa,ZAF,2000,794078,415900.0,137400.0,187000.0,26857.0,956.9937,2.5997,2.2988,1.8327999,2.8492,0.2769,1.3199999,0.5714,3.3246,31.653599
3251,South Africa,ZAF,2001,782601,393000.0,134000.0,235500.0,26857.0,948.5554,2.5707998,2.2856998,1.9286,2.4371,0.37739998,1.8086,0.5481,2.3429,31.196098
3252,South Africa,ZAF,2002,894092,477072.0,136556.0,224879.0,26857.0,939.96173,2.5906,2.3562999,2.5498998,2.8516,0.4667,1.9405999,0.5525,3.4285998,32.4147
3253,South Africa,ZAF,2003,806568,420827.0,128460.0,200754.0,26857.0,931.3146,2.0679998,2.3873,2.8497,2.6582,0.1769,1.3199999,0.5441,2.7226,32.9964
3254,South Africa,ZAF,2004,857241,427571.0,146347.0,227907.0,26857.0,922.64465,2.0325,2.418,2.2236,3.0305,0.31,1.4323,0.54109997,2.8692,34.6081
3255,South Africa,ZAF,2005,677158,347260.0,116840.0,159486.0,26857.0,913.9659,2.3665,2.4486,2.5,3.6351,0.6364,1.4907,0.53749996,3.0058,33.353397
3256,South Africa,ZAF,2006,839892,428719.0,152940.0,203780.0,26857.0,905.20123,2.7516,2.4780998,2.6286,3.4122,0.8824,1.5536,0.5337,2.5841,33.165
3257,South Africa,ZAF,2007,824034,439480.0,136884.0,192510.0,26857.0,896.07,3.0142,2.5067,3.033,2.7921,0.8857,1.5848999,0.5329,2.5507,33.059
3258,South Africa,ZAF,2008,781052,424123.0,111409.0,185021.0,26857.0,885.9741,2.8476,2.5346,2.8134,4.5373,0.8387,1.5882,0.5262,2.9378,34.0
3259,South Africa,ZAF,2009,764249,414000.0,110800.0,181000.0,26857.0,875.4997,3.0475,2.5616999,2.8892,4.9639997,0.8251,1.6086999,0.5205,3.2338998,33.937798
3260,South Africa,ZAF,2010,732919,395000.0,107000.0,172000.0,26857.0,865.1167,2.5623,2.5881999,2.3467,4.6735997,0.8897,1.6581,0.5148,2.2670999,34.204597
3261,South Africa,ZAF,2011,784801,419000.0,121000.0,186000.0,26857.0,854.2555,3.3156998,2.6141,3.8927,4.3671,0.94089997,1.6893,0.5,2.2398999,34.953598
3262,South Africa,ZAF,2012,797716,425000.0,124000.0,190000.0,26857.0,842.97626,3.7475998,2.7273,3.5084,4.4905,0.992,1.7227,0.4815,2.7805998,35.0438
3263,South Africa,ZAF,2013,866281,404000.0,138000.0,268000.0,26857.0,831.57587,3.6992998,2.6087,3.2895,4.2465997,1.0431,1.7663,0.4786,2.3507,35.2695
3264,South Africa,ZAF,2014,853738,395000.0,138900.0,264000.0,26857.0,818.57056,3.6720998,2.6664,3.5477,5.3009,1.0971999,1.6460999,0.4879,3.3651,35.3096
3265,South Africa,ZAF,2015,806864,357000.0,132000.0,263100.0,26857.0,801.7681,2.9866,2.721,3.5421,3.4871,1.1747999,1.6074,0.49429998,1.7091999,35.8127
3266,South Africa,ZAF,2016,741631,327000.0,125000.0,235000.0,26857.0,794.01263,3.7570999,2.7414,4.0025,3.712,1.0975,1.6283,0.48659998,1.4535999,35.9976
3267,South Africa,ZAF,2017,928385,470000.0,135900.0,268000.0,26857.0,790.94354,3.1225,2.7656999,3.3595998,5.8596,1.0759,1.6504999,0.48959997,3.5891,36.0757
3268,South Africa,ZAF,2018,815669,381000.0,132000.0,248900.0,26857.0,781.30945,3.7110999,2.781,3.5419998,4.9755,1.1133,1.6999999,0.4901,3.9931,36.5795
3269,South Africa,ZAF,2019,813803,381000.0,132000.0,248900.0,26857.0,771.25616,2.8425999,2.7983,2.6144,4.5539,1.0955,0.78569996,0.4888,2.5149,36.7343
3300,Spain,ESP,1990,2393266,1063114.0,378624.0,534163.0,39562.0,2861.0151,2.3789,6.3209,2.1529,6.4256,1.3219999,1.4671999,3.2112,5.3234,19.648699
3301,Spain,ESP,1991,2290006,998705.0,381382.0,501655.0,39147.0,2853.7424,2.4592,6.2082,2.099,6.6692,1.2688999,1.2426,3.5175,5.5615,19.4673
3302,Spain,ESP,1992,1982221,817621.0,334000.0,423177.0,31839.0,2839.8,1.9425999,6.4480996,1.4846,7.0169997,1.1547999,0.9978,4.1853,5.6207,20.145699
3303,Spain,ESP,1993,2243593,929300.0,392000.0,496390.0,29408.0,2825.1125,2.4492,6.6693997,2.7396,6.1735997,1.9046999,1.3686,1.8879,4.566,18.3745
3304,Spain,ESP,1994,2276019,982500.0,424000.0,520900.0,31244.0,2811.6943,2.1843,6.1109,2.0951,6.8566,1.3432,1.1911,3.3781,3.7951,19.2339
3305,Spain,ESP,1995,2423682,912800.0,446000.0,509900.0,27852.0,2799.3118,1.4761,6.0459,1.4192,7.2458997,1.0188,0.63089997,2.7682998,4.2969,18.998999
3306,Spain,ESP,1996,2586567,1153100.0,458000.0,581000.0,33236.0,2787.6765,3.0016,6.9838,2.9945,8.5308,1.7695999,1.6976999,2.6562998,4.7204,21.1919
3307,Spain,ESP,1997,2626710,1041900.0,477000.0,589000.0,34023.0,2776.017,2.2498,6.8294997,2.3219,9.1501,1.4828,1.3022,2.3916,4.7633,21.6815
3308,Spain,ESP,1998,2817879,1199000.0,513000.0,655000.0,35070.0,2764.5525,2.8423998,7.0657,3.0819,9.4731,1.6685,1.7560999,2.4241998,4.5316997,23.438799
3309,Spain,ESP,1999,2787851,1181000.0,496000.0,642963.0,33614.0,2753.3699,2.0987,7.5388,2.3931,9.4808,1.7979,1.2961999,2.4241998,5.0,24.7421
3310,Spain,ESP,2000,2629290,1113700.0,467600.0,568100.0,34597.0,2741.086,3.0997,7.0660996,3.3748999,9.2157,2.0075,2.2069,2.6059,4.7033,25.9196
3311,Spain,ESP,2001,2680553,1110700.0,481300.0,603800.0,35700.0,2722.1267,2.3003,7.5794997,2.0886,9.720799,0.9941,1.4916999,2.4357998,3.8704,25.9926
3312,Spain,ESP,2002,2664340,1026546.0,491138.0,605224.0,40727.0,2683.9443,2.8346999,7.2172,2.6962,9.5142,1.7292,2.0124,2.4967,3.797,27.946
3313,Spain,ESP,2003,2654273,1198606.0,468511.0,614385.0,41586.0,2635.8428,2.9236,7.2766,2.7436,9.0408,2.0197,1.831,2.4967,3.3200998,26.359299
3314,Spain,ESP,2004,2609711,1072948.0,492571.0,588850.0,47445.0,2590.7524,3.2628,7.2015,3.3472,10.069099,1.7946,2.1738,1.9389,3.4355,27.159899
3315,Spain,ESP,2005,2304854,923764.0,398230.0,513454.0,41017.0,2547.353,1.7707,6.9165998,1.4656999,9.6098995,1.4547,1.184,1.8862,3.3971999,26.9844
3316,Spain,ESP,2006,2313025,969783.0,388187.0,452461.0,39767.0,2504.6558,2.8755,6.7992,2.5447,9.7437,1.5554999,1.8082,1.6458,3.7858,28.8421
3317,Spain,ESP,2007,2448960,985857.0,444853.0,554382.0,39286.0,2458.719,3.5691998,7.1228,3.7001,10.0027,2.339,2.464,2.0930998,3.662,28.9238
3318,Spain,ESP,2008,1571145,739757.0,319194.0,271578.0,40719.0,2419.8054,3.2482998,6.922,3.2524,9.906099,2.5397,2.3507,1.8333,3.2796998,26.216599
3319,Spain,ESP,2009,1906731,781069.0,166016.0,264211.0,35199.0,2398.467,2.7103,7.6593,2.4120998,10.0749,1.367,1.6463,2.2206,4.3472,31.8545
3320,Spain,ESP,2010,2185730,941100.0,359300.0,336700.0,39043.0,2387.4497,3.0498,7.5936,2.8258998,10.5553,1.907,2.0039,2.0037,5.1205997,29.390999
3321,Spain,ESP,2011,1966779,846700.0,314600.0,362700.0,53549.0,2378.9812,3.4475,7.58,3.0684998,11.373799,2.4558,2.2017,1.5121,4.3201,30.740599
3322,Spain,ESP,2012,2147003,843410.0,320841.0,376590.0,48668.0,2377.4373,2.3718,7.9739,2.2133,10.9164,1.5873,1.558,1.2257999,3.5584,30.4387
3323,Spain,ESP,2013,2289895,961507.0,354738.0,432904.0,54197.0,2385.24,3.6446998,7.7901998,3.5934,11.044499,2.4682,2.1546,2.2645,5.0111,30.936699
3324,Spain,ESP,2014,2269380,1101895.0,357875.0,398580.0,61067.0,2392.3813,2.9805999,7.7984996,2.501,11.4114,1.7097,1.5085,1.9983,6.5397,33.4922
3325,Spain,ESP,2015,2254211,1068103.0,380303.0,411763.0,59018.0,2394.2383,2.9236,7.7503,2.58,11.4609995,1.8539,1.6129999,1.7142999,6.0101,31.8666
3326,Spain,ESP,2016,2355313,982155.0,379007.0,414974.0,61895.0,2392.2178,3.4886,7.6450996,3.58,11.327,2.4305,2.1773,2.485,4.4758,31.138498
3327,Spain,ESP,2017,2453709,1079321.0,389629.0,436452.0,60896.4,2386.6125,2.3263,7.7616,2.2275,11.316899,1.2876999,1.5091,2.3054,4.3314,31.5961
3493,Tajikistan,TJK,1997,76623,41227.0,3400.0,6500.0,751.31,10374.249,1.2687,2.7093,0.9341,2.7501,0.6734,0.4328,0.55,0.8883,10.0289
3494,Tajikistan,TJK,1998,61618,28272.0,100.0,8500.0,676.63,10307.294,1.1448,2.4566,0.91349995,2.9815998,0.8854,0.5636,0.099999994,2.0704,10.4925995
3498,Tajikistan,TJK,2002,52182,15101.42,741.12,16162.24,377.88,9700.761,1.7897999,2.8523,1.4482,3.5117,1.1777999,0.99079996,0.91889995,1.2353,15.802199
3499,Tajikistan,TJK,2003,50964,5298.98,2620.44,9806.78,303.19,9510.689,1.9715999,3.4603999,1.4900999,3.7698998,1.3333,0.9113,0.3333,1.4327999,18.2134
3500,Tajikistan,TJK,2004,50458,6294.04,2078.34,11115.15,228.5,9330.701,1.9897,3.6408,1.461,4.6811,1.5433999,0.83059996,0.35,1.7786,18.3006
3502,Tajikistan,TJK,2006,50437,13390.41,1656.37,10891.03,241.9,8991.958,1.9966999,3.1415,1.6105,3.774,1.3666999,1.4323,0.7,1.4239999,19.8508
3503,Tajikistan,TJK,2007,48749,10781.95,311.96,988.76,247.9,8828.123,2.35,3.0707,1.6794,4.0109,1.0933,1.1158,0.77779996,1.6315999,21.8368
3504,Tajikistan,TJK,2008,54452,7836.64,162.25,177.22,253.5,8663.923,1.9865999,5.2616,0.8885,9.3984995,1.9774,0.60649997,0.75509995,1.0687,23.7053
3505,Tajikistan,TJK,2009,56123,6023.58,1531.55,1557.31,258.1,8496.911,3.0342999,4.3557997,1.7564,9.889299,1.3211,1.1662999,0.76559997,0.8889,23.1535
3506,Tajikistan,TJK,2010,56968,6023.58,120.02,1021.25,262.1,8326.14,3.0159,5.174,1.6767,12.052099,1.9663999,1.1567999,0.8551,1.7839999,23.9308
3507,Tajikistan,TJK,2011,58722,4210.53,176.48,485.2,264.6,8151.763,2.3358998,5.8185997,1.0422,12.1228,1.3866999,0.7873,0.7568,0.7981,23.5049
3508,Tajikistan,TJK,2012,55292,6183.61,175.8,405.6,264.6,7975.9873,2.6757998,6.2517,1.405,12.566999,1.6855999,1.0509,0.2932,2.9443998,23.7444
3509,Tajikistan,TJK,2013,57887,7033.27,165.65,2412.21,264.6,7799.317,2.9735,6.6591997,1.6941999,12.482699,2.0047,1.176,0.625,3.3999999,25.139599
3510,Tajikistan,TJK,2014,65373,12376.89,514.23,3967.65,264.6,7621.589,2.968,7.1959996,1.5426999,13.2809,1.6915,0.7309,1.3170999,3.0,24.0199
3511,Tajikistan,TJK,2015,67378,16438.25,481.49,1303.91,264.6,7444.8066,3.0319998,7.2908998,1.7912999,10.5815,1.6939,1.2206,1.938,1.2083,22.307
3512,Tajikistan,TJK,2016,66291,7937.29,294.5,1640.18,264.6,7273.0874,3.0828,7.0534,1.8291999,12.3633995,2.21,1.2873,1.3949,1.7666999,21.6013
3513,Tajikistan,TJK,2017,67449,7937.29,962.75,5948.88,264.6,7109.946,3.1471,7.8041997,1.8949,13.0776,2.2187,1.3119,2.9521,1.8888999,19.2759
3514,Tajikistan,TJK,2018,66160,7937.29,1110.27,3307.42,264.6,6952.1343,3.0483,7.6489997,1.5055,14.8868,2.6276999,1.2006999,2.6,6.2228,19.431799
3515,Tajikistan,TJK,2019,75974,70097.0,1291.4,6222.91,264.6,6796.6133,3.1704998,8.5882,2.1752,13.7338,3.7182,1.4927,2.5809999,1.1444,19.2809
3680,Turkey,TUR,2004,2106161,1366302.0,87565.0,590148.0,28831.0,3348.8198,2.2658,7.001,2.5093,5.5076,1.8958,2.1364,1.7949,2.3332999,26.830599
3681,Turkey,TUR,2005,2131838,1372053.0,93816.0,601606.0,40332.0,3303.9944,2.3309,7.0664,2.6167998,7.0,2.0928,2.0317,2.0184999,2.3256,26.654
3682,Turkey,TUR,2006,2181512,1406323.0,98875.0,605316.0,27421.0,3261.432,2.3595,7.0273,2.6227999,7.2138996,2.0656,2.086,1.933,2.6023,27.607698
3683,Turkey,TUR,2007,2042106,1357105.0,110739.0,517749.0,48715.51,3221.2805,2.1675,6.9084,2.2042,6.8381,1.8263999,2.0279999,2.042,3.2222,27.642199
3684,Turkey,TUR,2008,1608810,1133068.0,89508.0,328791.0,37640.2,3182.8054,2.3451,7.5716,2.1678998,7.1987996,1.9858999,2.1787,1.9248999,3.0811,28.294699
3685,Turkey,TUR,2009,2109936,1529581.0,69753.0,633258.0,37651.15,3142.9282,2.5667,7.7764997,2.4519,7.1878,2.4791,2.3552,2.1863,5.1316,30.598598
3686,Turkey,TUR,2010,1998631,1427716.0,70281.0,605668.0,38554.69,3101.29,2.44,8.689899,2.4168,7.2613997,2.5944,2.3262,2.3088999,7.0968,32.3303
3687,Turkey,TUR,2011,1906766,1259055.0,98256.0,489990.0,39534.43,3060.3777,2.7038,9.0559,2.6612,7.1706996,2.8658,2.5428998,2.3402,6.9231,32.4041
3688,Turkey,TUR,2012,2129112,1431615.0,101233.0,531980.0,42610.59,3015.5117,2.6722999,7.3539,2.5830998,7.3883996,2.5834,2.3652,1.653,7.6,28.038399
3689,Turkey,TUR,2013,2381938,1583872.0,105705.0,622557.0,39440.0,2964.3708,2.8451,8.138,2.9069998,8.9499,2.6536999,2.5417,2.3353,2.6543999,31.5329
3690,Turkey,TUR,2014,2253751,1492839.0,117167.0,570236.0,39722.72,2906.0808,2.4294,7.4856,2.3171,9.0748,2.6506999,2.2433999,2.5575,4.0499997,32.4475
3691,Turkey,TUR,2015,2278464,1486568.0,131599.0,584569.0,39026.0,2850.1055,2.8803,7.9409,2.8832,9.3271,2.9471998,2.4166,2.3459,4.0,30.948898
3692,Turkey,TUR,2016,2884472,1896479.0,118311.0,792490.0,50054.0,2801.7983,2.707,7.9272,2.4815,9.4182,2.6311998,2.264,2.3091,3.0,32.8252
3693,Turkey,TUR,2017,2746208,1764638.0,124945.0,754750.0,54098.0,2765.2634,2.806,8.2188,2.9359,9.251599,3.168,2.2152,2.1799,3.0,33.6014
3694,Turkey,TUR,2018,2270553,1527588.0,115512.0,521058.0,60020.0,2741.2378,2.744,7.8244,2.6911,9.635799,2.8853998,2.4573998,2.119,3.0,33.4795
3695,Turkey,TUR,2019,2554561,1682549.0,116500.0,667367.0,51297.0,2719.1594,2.7811,7.9101996,2.6564999,9.403399,2.7672,2.4187,2.7043,4.0,35.3766
3754,Ukraine,UKR,1992,3781930,1338000.0,822000.0,532000.0,66772.0,1056.5594,3.0925999,3.7721999,2.9503,2.5072,2.3205,2.5340998,1.1769,0.85709995,11.890599
3755,Ukraine,UKR,1993,2363619,841000.0,242000.0,262000.0,61843.46,1055.9763,3.7979999,2.9564998,3.2147,2.8444998,2.3646998,2.8999999,1.4923999,0.7143,13.6956
3756,Ukraine,UKR,1994,2108061,774000.0,220000.0,140000.0,56914.93,1061.2195,3.0744998,3.5909,2.8493,2.3614,1.9772999,2.2946,0.88269997,0.59999996,10.5449
3757,Ukraine,UKR,1995,1774042,625000.0,135000.0,130000.0,51986.39,1069.6371,2.9699,3.6409,2.1828,2.9206998,1.9899999,1.9932,1.6962999,0.89419997,9.6233
3758,Ukraine,UKR,1996,1323339,373000.0,55000.0,97000.0,47057.85,1079.1691,2.2993,3.5518,1.6716,2.7365,1.7439,1.5172,0.8915,0.7143,11.8859
3759,Ukraine,UKR,1997,1256907,413000.0,45000.0,104000.0,42129.32,1089.0491,2.8277,2.8889,1.9998,3.2628,1.9369999,1.9188999,1.4611,0.8675,10.5875
3760,Ukraine,UKR,1998,1103997,406000.0,31990.0,76000.0,37200.78,1098.8243,2.6478999,3.0286,1.648,2.5342,1.6234,1.3485,0.9345,0.6087,10.1804
3761,Ukraine,UKR,1999,976611,327000.0,28000.0,62000.0,32272.25,1109.2322,2.2903,2.9041,1.8486999,2.5219998,1.4738,1.4374,0.9167,0.6964,8.2026
3762,Ukraine,UKR,2000,960923,350000.0,28000.0,62000.0,27343.71,1120.4539,1.9756,3.5595,1.8628,3.0091,1.5174999,1.8324,1.1625999,1.1458,12.163199
3763,Ukraine,UKR,2001,933070,380000.0,33000.0,61000.0,22415.17,1132.291,3.102,3.6548,2.5979,3.2424998,2.0729,1.9962,1.0605,0.9952,10.807899
3764,Ukraine,UKR,2002,1005445,443492.0,42436.0,33129.0,17486.64,1143.095,3.0455,3.9894,2.4957,3.5167,2.0163,1.8505,1.0489,1.3276,10.4374
3765,Ukraine,UKR,2003,979519,359617.0,75226.0,77638.0,12558.1,1152.4075,2.9385,3.75,1.4851999,3.4569,1.5792999,1.7294999,1.3208,1.2903,11.6283
3766,Ukraine,UKR,2004,1003637,345280.0,102327.0,85683.0,15344.4,1161.1825,3.1661,3.7745998,2.4552,3.8558,2.2235,1.9729999,1.2185999,1.8258,13.338599
3767,Ukraine,UKR,2005,1057834,376880.0,79430.0,101620.0,23021.7,1169.7229,2.8457,4.3458,2.0630999,4.3185,1.7313,1.7571,1.1678,2.6815999,12.838799
3768,Ukraine,UKR,2006,1237148,466820.0,103660.0,128850.0,28832.6,1177.6578,2.5307999,4.6064997,2.1659,3.7352,1.6229,1.5604999,1.0785999,1.8586999,13.3199
3769,Ukraine,UKR,2007,1263657,578160.0,149470.0,168810.0,36476.0,1184.7079,2.342,5.1184998,1.4628999,3.9001,1.6672,1.5292,0.92029995,1.5066999,13.1439
3770,Ukraine,UKR,2008,1451059,735780.0,155450.0,173490.0,54080.5,1191.1405,3.6697998,5.0859,3.0263999,4.6910996,2.2913,2.1203,1.5553,2.066,13.8728
3771,Ukraine,UKR,2009,1292364,634910.0,118220.0,133630.0,36444.7,1196.439,3.093,5.8327,2.3697,5.0195,2.0683,1.7578,1.3643,2.1276,13.9298
3772,Ukraine,UKR,2010,1261324,774610.0,128610.0,157420.0,62534.6,1201.2014,2.6815999,5.0512,1.9655,4.5147,1.6657,1.4751999,1.3728,2.1394,13.248099
3773,Ukraine,UKR,2011,1940940,898880.0,169250.0,195180.0,79491.7,1205.5287,3.3532999,5.7398996,2.4694,6.4445996,2.0742,1.8064,1.7825999,2.6371999,16.8039
3774,Ukraine,UKR,2012,2095723,930100.0,194980.0,221450.0,90814.8,1208.5098,2.7998998,6.1938,2.1064,4.7946,2.2726998,2.0913,1.0321,1.523,16.1001
3775,Ukraine,UKR,2013,1828246,1042910.0,213750.0,237050.0,86781.8,1211.2646,3.3931,5.9937997,2.3388,6.4119,2.2833,1.9365,1.3076,2.7409,15.966399
3776,Ukraine,UKR,2014,1801484,1021160.0,209360.0,241120.0,78201.0,1217.0836,4.0119,4.9881997,3.0121999,6.1589,2.5823998,2.5142,1.7996999,2.6980999,17.6447
3777,Ukraine,UKR,2015,1719814,984960.0,206840.0,223210.0,64986.5,1220.2675,3.8792,5.3427,2.9545999,5.7125998,2.5932999,2.3207,1.9007,3.7208998,16.142
3778,Ukraine,UKR,2016,2021136,1197380.0,244460.0,287010.0,51772.0,1224.3173,4.2056,5.3917,3.3000998,6.6024,2.7266998,2.3964,1.7610999,3.899,16.583
3779,Ukraine,UKR,2017,2313640,1365310.0,299340.0,363430.0,38557.5,1229.0565,4.1096997,5.0346,3.3119998,5.5056,2.9699,2.3832998,1.5051999,2.7958,16.783699
3780,Ukraine,UKR,2018,2623845,1404913.0,335378.0,410347.0,25343.0,1234.8026,3.7242,5.4929,2.9582,7.8438997,2.6534998,2.1371999,1.4682,4.6296,17.049799
3781,Ukraine,UKR,2019,2414829,1467547.0,307770.0,367153.0,24325.0,1241.3767,4.1566,5.1970997,3.4174,7.1949,2.9002,2.32,1.8191999,4.1032,15.486899
3812,United States,USA,1990,20804244,10176271.0,4610215.0,3863050.0,400975.94,11289.023,2.6567,6.1974998,3.0167,7.4373612,1.7028999,2.1567,1.5,3.9592,32.880898
3813,United States,USA,1991,21038543,10336356.0,4559103.5,3820176.0,384646.38,11139.177,2.3037999,6.4231,2.9693,6.816012,1.5468,1.8161,1.4438,3.7192998,34.0579
3814,United States,USA,1992,21303748,10351344.0,4627687.5,3944951.5,400975.9,10985.755,2.6432998,6.4294,3.3609,8.253275,1.8364999,2.3472,1.4477999,4.5579,36.2533
3815,United States,USA,1993,22649973,11095166.0,4732958.5,4070489.0,391903.88,10841.839,2.5699,6.1763,3.1711,6.320188,1.7034,1.9497,1.4512999,3.7605,36.509098
3816,United States,USA,1994,21598077,10907665.0,4703148.0,4049097.2,425922.7,10709.698,2.527,6.6850996,3.0249999,8.698889,1.749,2.0479,1.454,4.5632997,37.986797
3817,United States,USA,1995,22371078,10986467.0,4722725.0,4069944.8,423201.53,10582.925,2.4064999,6.3006997,3.0792,7.1235485,1.6407,1.9573,1.5008,3.4882,36.2537
3818,United States,USA,1996,22697659,11191172.0,4860473.5,4153134.2,433180.38,10460.515,2.4389,6.8592997,3.1478999,7.977119,1.6257,2.0702,1.4573,4.2263,39.244698
3819,United States,USA,1997,22573482,11181743.0,4853687.5,4185702.5,434540.75,10335.33,2.6574,6.6099,3.1238,7.952014,1.6152999,2.1325,1.4606,4.3422,38.6777
3820,United States,USA,1998,22028276,11254587.0,4619777.0,3985521.2,424562.12,10215.549,2.9034,6.3473,3.231,8.435286,1.8261,2.1605,1.5037999,4.2256,38.4419
3821,United States,USA,1999,21970884,11224506.0,4503638.0,3888560.2,433633.97,10098.91,2.8725998,6.5752997,3.1999998,8.397629,1.8089,2.1362998,1.8586999,4.3722997,40.2366
3822,United States,USA,2000,21180144,10703441.0,4485439.5,3882645.5,430005.22,9987.156,2.8237998,7.0397,3.2881,8.592192,1.7781999,2.3011,1.1086999,3.8226,42.7161
3823,United States,USA,2001,22010792,10752683.0,4499138.0,4065027.8,411407.94,9888.797,2.7017999,7.2806997,3.1267,8.673783,1.7314,2.2072,1.859,3.7609,40.180298
3824,United States,USA,2002,21767474,10969768.0,4490927.0,3892276.0,416851.03,9797.473,2.3567,7.3729997,2.9608998,8.115197,1.5483999,2.0217,0.7475,3.1776998,40.5669
3825,United States,USA,2003,23601274,11818621.0,5007750.5,4376712.5,417758.25,9713.626,2.9712,7.4758997,3.1673,8.924833,1.6988,2.3327,1.035,3.3098998,41.0985
3826,United States,USA,2004,22475141,11191484.0,4693229.5,4207522.5,425015.72,9624.143,2.9025998,7.8328,3.7429,10.060836,1.7271,2.3221,1.4189999,4.3687997,43.815197
3827,United States,USA,2005,21664706,10925951.0,4284542.5,4062917.5,388275.16,9535.844,2.8230999,7.4245,3.4873,9.282579,1.6955999,2.2598,1.4875,4.2976,43.730297
3828,United States,USA,2006,23192147,11969758.0,4656851.0,4147376.2,392810.66,9444.336,2.5986,7.7313,3.2846,9.357896,1.6477,2.1447,1.2027999,3.5194,44.0949
3829,United States,USA,2007,21904074,11395419.0,4227208.5,3852722.8,400068.16,9354.94,2.7045999,8.0917,3.2279,9.458315,1.5719999,2.1566,1.8213999,4.5971,44.433598
3830,United States,USA,2008,18535788,10397607.0,2794582.5,2846292.0,379202.9,9266.872,3.0175,7.6731,3.4071999,9.621498,1.8248999,2.2842,1.8127999,4.0848,44.437298
3831,United States,USA,2009,21268848,11097590.0,4045862.2,3775158.5,358337.7,9185.989,2.9896998,7.9413,3.915,10.318162,1.6982,2.4369,1.8769,4.3533998,46.4446
3832,United States,USA,2010,22180228,11624755.0,4146106.2,3896449.0,374818.2,9110.096,3.1167,7.5375,3.9338999,9.577564,1.7387999,2.3172,1.7809,4.5118,44.943798
3833,United States,USA,2011,22754266,12231299.0,4185750.2,3945618.5,391298.7,9044.125,2.9422,7.9209,3.7159998,9.213542,1.5891,2.0547,1.5169,3.3888,44.6923
3834,United States,USA,2012,23254338,12249080.0,4399120.0,4261953.5,407779.2,8978.0205,3.1153998,8.3651,3.5986,7.726069,1.6424999,2.1943998,0.84059995,3.1130998,45.7762
3835,United States,USA,2013,23450616,12060839.0,4766348.5,4258869.5,407779.2,8916.03,3.1673,8.623199,3.8358,9.922758,1.7219,2.2977998,1.6193999,3.7396,46.3577
3836,United States,USA,2014,22358913,11802201.0,4304138.0,3870503.5,407779.2,8850.883,2.9378,8.4918995,3.9115,10.732395,1.749,2.4338,1.7572,4.2416997,47.1507
3837,United States,USA,2015,22463328,11829381.0,4437563.0,3944392.0,407779.2,8785.96,2.9299,8.3722,3.7082999,10.569212,2.0042999,2.5168,1.8982999,4.7709,46.899998
3838,United States,USA,2016,23139263,11644829.0,4498031.5,3948544.0,407779.2,8722.5205,3.5407999,8.1121,4.1931,10.958341,1.7457999,2.3676999,2.0448,4.8912,48.6408
3839,United States,USA,2017,23439050,11581693.0,4554114.0,4009797.8,407779.2,8667.512,3.1174998,8.4147,3.9283,11.083865,2.1448998,2.212,2.0705,4.5031,48.3887
3840,United States,USA,2018,21682980,11627053.0,4408963.0,3982581.8,407779.2,8622.003,3.2005,8.6213,4.1674,11.071312,1.9386,2.3274,1.6661999,4.5266,49.727398
3841,United States,USA,2019,22404329,11672412.0,4304636.0,3973510.0,407779.2,8582.829,3.4745998,8.375899,4.1784997,10.512726,2.1506999,2.307,2.0016,4.5845,50.752197
